
-- --------------------------------------------------------

--
-- Table structure for table `activity`
--

CREATE TABLE IF NOT EXISTS `activity` (
  `activityid` int(11) NOT NULL AUTO_INCREMENT,
  `activityslot` int(11) NOT NULL,
  `activitylevel` int(11) NOT NULL,
  `activityaction` varchar(256) NOT NULL,
  `activitysteps` int(11) NOT NULL,
  `activitylength` varchar(512) NOT NULL,
  PRIMARY KEY (`activityid`)
) ENGINE=MyISAM  DEFAULT CHARSET=utf8 AUTO_INCREMENT=46 ;

--
-- Dumping data for table `activity`
--

INSERT INTO `activity` (`activityid`, `activityslot`, `activitylevel`, `activityaction`, `activitysteps`, `activitylength`) VALUES
(1, 1, 0, 'Camina 10 minutos tres veces al día', 14, '(Debes realizar esta actividad por dos semanas)'),
(2, 1, 1, 'Camina 30 minutos dos veces al día', 14, '(Debes realizar esta actividad por dos semanas)'),
(3, 1, 2, 'Haz ejercicio por lo menos 60 minutos al día', 21, '(Debes realizar esta actividad por tres semanas)'),
(4, 2, 0, 'Bebe tres vasos de agua al día', 14, '(Debes realizar esta actividad por dos semanas)'),
(5, 2, 1, 'Bebe seis vasos de agua al día', 14, '(Debes realizar esta actividad por dos semanas)'),
(6, 2, 2, 'Bebe ocho vasos de agua al día', 21, '(Debes realizar esta actividad por tres semanas)'),
(7, 3, 0, 'Come una taza der verduras todos los días', 14, '(Debes realizar esta actividad por dos semanas)'),
(8, 3, 1, 'Come dos tazas de verduras al día', 14, ' (Debes realizar esta actividad por dos semanas)'),
(9, 3, 2, 'Consume tres tazas de verduras al día', 14, '(Debes realizar esta actividad por dos semanas)'),
(10, 4, 0, 'Haz una cita con tu médico', 30, '(Debes realizar esta actividad en un lapso no mayor a un mes)'),
(11, 4, 1, 'RealíCREATE DATABASEzate las pruebas que tu médico te recomiende', 30, '(Debes realizar esta actividad dentro del siguiente mes de haber visitado a tu médico)'),
(12, 4, 2, 'Acude con un especialista si tienes indicios de un problema de salud', 60, '(Debes realizar esta actividad cuándo vayas con un especialista y realices lo que te recomienden, dentro de los siguientes dos meses de haberse realizado las pruebas)'),
(13, 5, 0, 'Utiliza los primeros 15 minutos cuando llegues del trabajo para hablar con tu familia', 21, '(Debes realizar esta actividad por tres semanas)'),
(14, 5, 1, 'Come con tu familia una vez al día', 28, '(Debes realizar esta actividad por cuatro semanas)'),
(15, 5, 2, 'Planea una actividad cada fin de semana con tu familia', 60, '(Debes realizar esta actividad por dos meses)'),
(16, 6, 0, 'Come una fruta y 7 almendras o un yogur bajo en grasa cuando vayas de salida', 21, '(Debes realizar esta actividad por tres semanas)'),
(17, 6, 1, 'Come un sándwich y un vaso de leche descremada', 28, '(Debes realizar esta actividad por cuatro semanas)'),
(18, 6, 2, 'Levántate 30 minutos antes de lo normal para desayunar', 42, '(Debes realizar esta actividad por seis semanas)'),
(19, 7, 0, 'Apaga la televisión mientras comes', 21, '(Debes realizar esta actividad por tres semanas)'),
(20, 7, 1, 'Ejercítate cada vez que pasen los anuncios', 28, '(Debes realizar esta actividad por cuatro semanas)'),
(21, 7, 2, 'Ejercítate mientras ves tu programa favorito', 42, '(Debes realizar esta actividad por seis semanas)'),
(22, 8, 0, 'Mastica chicle sin azúcar', 14, '(Debes realizar esta actividad por dos semanas)'),
(23, 8, 1, 'Evita beber refrescos.', 28, '(Debes realizar esta actividad por cuatro semanas)'),
(24, 8, 2, 'Evita tener golosinas o galletas y panecitos dulces', 60, '(Debes realizar esta actividad por dos meses)'),
(25, 9, 0, 'Incluye en todas tus comidas leguminosas como frijoles o lentejas. (1/2 taza)', 14, '(Debes realizar esta actividad por dos semanas)'),
(26, 9, 1, 'Quítale la grasa extra a los alimentos que contengan mucho de ésta.', 28, '(Debes realizar esta actividad por cuatro semanas)'),
(27, 9, 2, 'Si comes carne que ésta sea la de menor porción de tu platillo', 60, '(Debes realizar esta actividad por dos meses)'),
(28, 10, 0, 'Tira toda la comida chatarra que tengas en tu hogar y trabajo.', 21, '(Debes realizar esta actividad por tres semanas)'),
(29, 10, 1, 'Trata de consumir máximo una vez a la semana comida chatarra', 28, '(Debes realizar esta actividad por cuatro semanas)'),
(30, 10, 2, 'Cambia la comida chatarra por una opción más saludable', 60, '(Debes realizar esta actividad por dos meses)'),
(31, 11, 0, 'Registra todo lo que comes por dos semanas.', 14, '(Debes realizar esta actividad por dos semanas)'),
(32, 11, 1, 'Registra todo lo que comes por un mes.', 28, '(Debes realizar esta actividad por cuatro semanas)'),
(33, 11, 2, 'Registra todo lo que comes por dos meses', 56, '(Debes realizar esta actividad por ocho semanas)'),
(34, 12, 0, 'Cambia tu pan blanco por pan integral', 28, '(Debes realizar esta actividad por cuatro semanas)  '),
(35, 12, 1, 'Que todas tus colaciones sean una verdura cruda o  una fruta por dos meses.', 28, '(Debes realizar esta actividad por cuatro semanas)'),
(36, 12, 2, 'Incluye en todas tus comidas alimentos con fibra como cereales integrales, verduras, frutas o leguminosas.', 30, '(Debes realizar esta actividad por un mes)  '),
(37, 13, 0, 'Come como colación nueces, almendras o cacahuates por lo menos tres veces a la semana', 14, '(Debes realizar esta actividad por dos semanas)'),
(38, 13, 1, 'Utiliza las versiones bajas en grasa de tus aderezos favoritos y consúmelos en pequeñas cantidades (una cucharadita de mayonesa o crema light)', 28, '(Debes realizar esta actividad por cuatro semanas, en sus tres comidas principales: desayuno, comida y cena)'),
(39, 13, 2, 'En lugar de cocinar con aceite “normal”, hazlo con aceite de oliva.', 60, '(Debes realizar esta actividad por dos meses)'),
(40, 14, 0, 'Evita al máximo los jugos o bebidas azucaradas que son industrializadas, prefiere beber agua simple o de limón, jamaica o tamarindo sin azúcar o endulzada con algún sustituto.', 15, '(Debes realizar esta actividad por 15 días seguidos)'),
(41, 14, 1, 'Cuando compres comida enlatada lávala para quitarle el sodio', 30, '(Debes realizar esta actividad por 30 días para cumplir con la meta)'),
(42, 14, 2, 'Evita comprar o ir a lugares de comida rápida', 60, '(Debes realizar esta actividad por dos meses)'),
(43, 15, 0, 'Limita a comer un solo día en la semana en la calle o restaurantes.', 21, '(El usuario debe realizar esta actividad por tres semanas)  '),
(44, 15, 1, 'Cuando vayas a restaurantes come solo la mitad del platillo que te sirvan y la otra guárdala para el día siguiente.', 30, '(El usuario debe poder registrar los días en los cuales realizó esta actividad. Cuando junte 30 días habrá cumplido la meta)'),
(45, 15, 2, 'Evita comer en la calle o restaurantes por lo menos durante dos meses.', 60, '(El usuario debe realizar esta actividad por dos meses)  ');

-- --------------------------------------------------------

--
-- Table structure for table `events`
--

CREATE TABLE IF NOT EXISTS `events` (
  `eventuserid` int(11) NOT NULL,
  `eventactivityslot` int(11) NOT NULL,
  `eventactivitylevel` int(11) NOT NULL,
  `eventdate` int(11) NOT NULL,
  `eventstep` int(11) NOT NULL,
  `eventregdate` int(11) NOT NULL,
  KEY `eventuserid` (`eventuserid`),
  KEY `eventactivityslot` (`eventactivityslot`),
  KEY `eventactivitylevel` (`eventactivitylevel`)
) ENGINE=MyISAM DEFAULT CHARSET=utf8;

--
-- Dumping data for table `events`
--

INSERT INTO `events` (`eventuserid`, `eventactivityslot`, `eventactivitylevel`, `eventdate`, `eventstep`, `eventregdate`) VALUES
(4, 1, 0, 1371578945, 1, 1371578947),
(23, 1, 0, 1371580375, 1, 1371580383),
(24, 1, 0, 1371580400, 1, 1371580401),
(25, 1, 0, 1371580431, 1, 1371580433),
(26, 1, 0, 1371580441, 1, 1371580442),
(27, 1, 0, 1371580447, 1, 1371580447),
(28, 1, 0, 1371580452, 1, 1371580452),
(29, 1, 0, 1371580457, 1, 1371580457),
(30, 1, 0, 1371580467, 1, 1371580469),
(37, 1, 0, 1371581317, 1, 1371581319),
(38, 1, 0, 1371581672, 1, 1371581674),
(39, 1, 0, 1371581745, 1, 1371581747),
(40, 1, 0, 1371582059, 1, 1371582061),
(42, 1, 0, 1371582472, 1, 1371582474),
(43, 1, 0, 1371583200, 1, 1371583202),
(44, 1, 0, 1371583304, 1, 1371583306),
(46, 1, 0, 1371585828, 1, 1371585831),
(47, 1, 0, 1371585864, 1, 1371585866),
(48, 1, 0, 1371585897, 1, 1371585898),
(49, 1, 0, 1371585912, 1, 1371585913),
(50, 1, 0, 1371585914, 1, 1371585915),
(51, 1, 0, 1371585919, 1, 1371585919),
(52, 1, 0, 1371585951, 1, 1371585953),
(53, 1, 0, 1371585970, 1, 1371585970),
(59, 1, 0, 1371586322, 1, 1371586324),
(74, 2, 0, 1371743773, 0, 1371743771),
(74, 13, 0, 1371743782, 0, 1371743781),
(74, 11, 0, 1371743786, 0, 1371743784),
(74, 7, 0, 1371743793, 0, 1371743791),
(74, 9, 0, 1371743877, 0, 1371743875),
(74, 9, 0, 1371743877, 0, 1371743876),
(74, 5, 0, 1371752509, 0, 1371752516),
(74, 5, 0, 1371752509, 0, 1371752516),
(74, 5, 0, 1371752510, 0, 1371752516),
(74, 5, 0, 1371752511, 0, 1371752516),
(74, 15, 0, 1371752517, 0, 1371752526),
(74, 5, 0, 1371752515, 0, 1371752555),
(73, 8, 0, 1371755217, 0, 1371755218),
(73, 9, 0, 1371755224, 0, 1371755225),
(73, 1, 0, 1371755849, 0, 1371755849),
(73, 2, 0, 1371755880, 0, 1371755880),
(74, 14, 0, 1371758089, 0, 1371758090),
(74, 4, 0, 1371758094, 0, 1371758095),
(74, 12, 0, 1371758126, 0, 1371758127),
(75, 3, 0, 1371758698, 0, 1371758698),
(75, 8, 0, 1371758710, 0, 1371758710),
(75, 13, 0, 1371758721, 0, 1371758721),
(75, 11, 0, 1371758732, 0, 1371758732),
(75, 2, 0, 1371758741, 0, 1371758741),
(75, 12, 0, 1371758759, 0, 1371758759),
(75, 4, 0, 1371758807, 0, 1371758807),
(75, 15, 0, 1371758847, 0, 1371758847),
(74, 1, 0, 1371758857, 0, 1371758858),
(75, 1, 0, 1371758864, 0, 1371758864),
(75, 14, 0, 1371758872, 0, 1371758872),
(75, 6, 0, 1371758888, 0, 1371758889),
(75, 5, 0, 1371759060, 0, 1371759062),
(75, 7, 0, 1371759284, 0, 1371759285),
(75, 9, 0, 1371759292, 0, 1371759292),
(75, 10, 0, 1371759324, 0, 1371759324),
(81, 11, 0, 1371803820, 0, 1371803821),
(81, 13, 0, 1371803828, 0, 1371803828),
(81, 1, 0, 1371803832, 0, 1371803832),
(81, 6, 0, 1371803836, 0, 1371803836),
(81, 5, 0, 1371803840, 0, 1371803840),
(81, 4, 0, 1371803843, 0, 1371803844),
(81, 9, 0, 1371803847, 0, 1371803848),
(84, 12, 0, 1372195142, 0, 1372195144),
(84, 15, 0, 1372195158, 0, 1372195159),
(84, 1, 0, 1372195203, 0, 1372195204),
(84, 10, 0, 1372195239, 0, 1372195241),
(84, 7, 0, 1372195456, 0, 1372195457),
(84, 6, 0, 1372195499, 0, 1372195500),
(84, 13, 0, 1372196140, 0, 1372196141),
(84, 14, 0, 1372196160, 0, 1372196161),
(84, 11, 0, 1372196178, 0, 1372196179),
(84, 9, 0, 1372196181, 0, 1372196182),
(84, 8, 0, 1372196184, 0, 1372196185),
(84, 5, 0, 1372196188, 0, 1372196189),
(84, 4, 0, 1372196191, 0, 1372196192),
(84, 3, 0, 1372196194, 0, 1372196194),
(84, 2, 0, 1372196197, 0, 1372196198),
(85, 12, 0, 1372257868, 0, 1372257867),
(85, 9, 0, 1372257886, 0, 1372257884),
(85, 6, 0, 1372260660, 0, 1372260658),
(85, 7, 0, 1372260681, 0, 1372260680),
(85, 3, 0, 1372260693, 0, 1372260691),
(85, 11, 0, 1372260699, 0, 1372260698),
(85, 10, 0, 1372260759, 0, 1372260758),
(85, 8, 0, 1372260808, 0, 1372260807),
(85, 5, 0, 1372260841, 0, 1372260840),
(85, 2, 0, 1372261217, 0, 1372261215),
(85, 13, 0, 1372262329, 0, 1372262328),
(85, 4, 0, 1372262337, 0, 1372262335),
(83, 3, 0, 1372272600, 0, 1372272602),
(85, 13, 0, 1372297263, 1, 1372297263),
(85, 12, 0, 1372297274, 1, 1372297274),
(85, 6, 0, 1372546774, 1, 1372546773),
(85, 12, 0, 1372546785, 2, 1372546784),
(85, 11, 0, 1372546795, 1, 1372546793),
(85, 10, 0, 1372546801, 1, 1372546800),
(85, 9, 0, 1372546812, 1, 1372546811),
(85, 8, 0, 1372546818, 1, 1372546818),
(85, 7, 0, 1372546829, 1, 1372546828),
(85, 5, 0, 1372546840, 1, 1372546839),
(85, 4, 0, 1372546849, 1, 1372546848),
(85, 3, 0, 1372546855, 1, 1372546854),
(85, 2, 0, 1372546859, 1, 1372546858),
(85, 1, 0, 1372546868, 0, 1372546867),
(85, 15, 0, 1372546915, 0, 1372546914),
(85, 14, 0, 1372546921, 0, 1372546920),
(85, 13, 0, 1372546926, 2, 1372546924),
(87, 2, 0, 1374010886, 0, 1374010887),
(87, 12, 0, 1374010898, 0, 1374010898),
(87, 13, 0, 1374010902, 0, 1374010903),
(87, 10, 0, 1374010910, 0, 1374010911),
(87, 11, 0, 1374010914, 0, 1374010915),
(87, 15, 0, 1374010921, 0, 1374010922),
(87, 7, 0, 1374010928, 0, 1374010929),
(87, 8, 0, 1374010978, 0, 1374010979),
(87, 4, 0, 1374010994, 0, 1374010995),
(86, 15, 0, 1374122914, 0, 1374122915),
(88, 12, 0, 1374460208, 0, 1374460210),
(88, 1, 0, 1374460308, 0, 1374460311),
(88, 5, 0, 1374460339, 0, 1374460342),
(88, 10, 0, 1374460414, 0, 1374460417),
(88, 8, 0, 1374460634, 0, 1374460637),
(88, 6, 0, 1374460643, 0, 1374460645),
(88, 7, 0, 1374460713, 0, 1374460715),
(88, 9, 0, 1374460765, 0, 1374460767),
(88, 11, 0, 1374460800, 0, 1374460802),
(88, 13, 0, 1374460829, 0, 1374460832),
(88, 14, 0, 1374460870, 0, 1374460873),
(88, 15, 0, 1374460895, 0, 1374460897),
(88, 2, 0, 1374460913, 0, 1374460916),
(88, 4, 0, 1374460935, 0, 1374460937),
(88, 3, 0, 1374460952, 0, 1374460955),
(88, 12, 0, 1374548034, 1, 1374461669),
(88, 11, 0, 1374548066, 1, 1374461701),
(88, 13, 0, 1374548072, 1, 1374461705),
(88, 14, 0, 1374548105, 1, 1374461740),
(88, 15, 0, 1374548119, 1, 1374461753),
(88, 1, 0, 1374548135, 1, 1374461769),
(88, 2, 0, 1374548146, 1, 1374461781),
(88, 3, 0, 1374548173, 1, 1374461807),
(88, 4, 0, 1374548194, 1, 1374461828),
(88, 5, 0, 1374548209, 1, 1374461844),
(88, 6, 0, 1374548237, 1, 1374461870),
(88, 7, 0, 1374548260, 1, 1374461895),
(88, 8, 0, 1374548293, 1, 1374461928),
(88, 9, 0, 1374548318, 1, 1374461952),
(88, 10, 0, 1374548328, 1, 1374461963),
(88, 14, 0, 1376419799, 2, 1374605475),
(88, 8, 0, 1376362607, 2, 1374605475),
(88, 13, 0, 1376362620, 2, 1374605475),
(88, 2, 0, 1376419978, 2, 1374605653),
(83, 12, 0, 1374688695, 0, 1374688695),
(83, 11, 0, 1374688701, 0, 1374688701),
(83, 14, 0, 1374688795, 0, 1374688795),
(83, 13, 0, 1374688941, 0, 1374688941),
(84, 10, 0, 1374689237, 1, 1374689238),
(83, 15, 0, 1374689445, 0, 1374689445),
(86, 5, 0, 1374705366, 0, 1374705366),
(86, 4, 0, 1374705387, 0, 1374705386),
(86, 3, 0, 1374705393, 0, 1374705392),
(86, 2, 0, 1374705397, 0, 1374705396),
(86, 1, 0, 1374705401, 0, 1374705400),
(86, 15, 0, 1374705404, 1, 1374705403),
(86, 14, 0, 1374705408, 0, 1374705407),
(86, 13, 0, 1374705411, 0, 1374705410),
(86, 12, 0, 1374705416, 0, 1374705415),
(86, 11, 0, 1374705425, 0, 1374705424),
(86, 10, 0, 1374705428, 0, 1374705427),
(86, 6, 0, 1374705532, 0, 1374705531),
(86, 7, 0, 1374705622, 0, 1374705621),
(86, 9, 0, 1374705762, 0, 1374705761),
(86, 8, 0, 1374705856, 0, 1374705855),
(83, 9, 0, 1374770354, 0, 1374770354),
(83, 6, 0, 1374770360, 0, 1374770360),
(83, 8, 0, 1374770435, 0, 1374770435),
(83, 10, 0, 1374770439, 0, 1374770439),
(83, 11, 0, 1374770443, 1, 1374770443),
(83, 12, 0, 1374770447, 1, 1374770447),
(83, 13, 0, 1374770451, 1, 1374770451),
(83, 14, 0, 1374770455, 1, 1374770455),
(83, 15, 0, 1374770460, 1, 1374770460),
(83, 1, 0, 1374770464, 0, 1374770465),
(83, 2, 0, 1374770468, 0, 1374770469),
(83, 3, 0, 1374770475, 1, 1374770475),
(83, 4, 0, 1374770478, 0, 1374770478),
(83, 5, 0, 1374770482, 0, 1374770482),
(90, 2, 0, 1376602933, 0, 1374788604),
(90, 1, 0, 1376602938, 0, 1374788609),
(90, 15, 0, 1376602942, 0, 1374788613),
(90, 14, 0, 1376602946, 0, 1374788617),
(90, 13, 0, 1376602949, 0, 1374788620),
(90, 12, 0, 1376602954, 0, 1374788625),
(90, 11, 0, 1376602957, 0, 1374788629),
(90, 10, 0, 1376602961, 0, 1374788632),
(90, 9, 0, 1376602966, 0, 1374788637),
(90, 8, 0, 1376602969, 0, 1374788640),
(90, 7, 0, 1376602972, 0, 1374788644),
(90, 6, 0, 1376602976, 0, 1374788647),
(90, 5, 0, 1376602980, 0, 1374788651),
(90, 4, 0, 1376602983, 0, 1374788654),
(90, 3, 0, 1376602987, 0, 1374788658),
(89, 12, 0, 1374791582, 0, 1374791582),
(89, 11, 0, 1374791592, 0, 1374791592),
(89, 14, 0, 1374791701, 0, 1374791702),
(89, 7, 0, 1374791708, 0, 1374791709),
(85, 3, 0, 1375930166, 2, 1375930166),
(85, 2, 0, 1375930178, 2, 1375930177),
(85, 7, 0, 1375930315, 2, 1375930314),
(90, 6, 0, 1376597618, 1, 1376597619),
(90, 7, 0, 41134, 1, 1376597619),
(86, 2, 0, 1377821159, 0, 1377821158),
(86, 12, 0, 1377847378, 1, 1377847377),
(86, 11, 0, 1377847384, 1, 1377847383),
(86, 9, 0, 1377847393, 1, 1377847391),
(91, 6, 0, 1377883335, 0, 1377883335),
(91, 12, 0, 1377883591, 0, 1377883591),
(91, 9, 0, 1377883597, 0, 1377883597),
(91, 1, 0, 1377883643, 0, 1377883643),
(91, 4, 0, 1377883715, 0, 1377883715),
(91, 14, 0, 1377883766, 0, 1377883766),
(91, 8, 0, 1377883890, 0, 1377883890),
(91, 3, 0, 1377884244, 0, 1377884244),
(83, 13, 0, 1378853671, 2, 1378853671),
(92, 1, 0, 1382033686, 1, 1382033698),
(98, 3, 0, 1382111640, 0, 1382111637),
(98, 2, 0, 1382111658, 0, 1382111655),
(99, 13, 0, 1383344187, 0, 1383344187),
(99, 8, 0, 1383344197, 0, 1383344197),
(99, 5, 0, 1383344229, 0, 1383344229),
(100, 13, 0, 1383345006, 0, 1383345006),
(100, 12, 0, 1383866373, 0, 1383866374),
(105, 15, 0, 1384641323, 0, 1384641323),
(105, 14, 0, 1384641338, 0, 1384641338),
(105, 10, 0, 1384641356, 0, 1384641356),
(105, 6, 0, 1384641372, 0, 1384641371),
(105, 5, 0, 1384641382, 0, 1384641381),
(105, 3, 0, 1384641395, 0, 1384641394),
(105, 2, 0, 1384641402, 0, 1384641401),
(105, 1, 0, 1384641408, 0, 1384641407),
(107, 11, 0, 1384975099, 0, 1384975099),
(107, 2, 0, 1384975103, 0, 1384975103),
(107, 2, 0, 1385179577, 1, 1385179579),
(107, 15, 0, 1385179582, 0, 1385179583),
(107, 15, 0, 1385526502, 1, 1385526502),
(107, 2, 0, 1385526508, 2, 1385526508),
(107, 1, 0, 1385526513, 0, 1385526513),
(107, 14, 0, 1385526521, 0, 1385526521),
(107, 2, 0, 1385666637, 3, 1385666635),
(108, 2, 0, 1386560868, 0, 1386560871),
(108, 10, 0, 1386560883, 0, 1386560885),
(108, 15, 0, 1386560893, 0, 1386560895),
(108, 7, 0, 1386560910, 0, 1386560913),
(110, 7, 0, 1388085471, 0, 1388085469),
(109, 6, 0, 1388687573, 0, 1388687608),
(109, 2, 0, 1388687651, 0, 1388687657),
(112, 6, 0, 1389163863, 0, 1389163863),
(112, 1, 0, 1389163896, 0, 1389163898),
(112, 2, 0, 1389163911, 0, 1389163911),
(112, 3, 0, 1389163923, 0, 1389163923),
(112, 2, 0, 1389230091, 1, 1389230090),
(112, 1, 0, 1389230098, 1, 1389230097),
(112, 15, 0, 1389230105, 0, 1389230103),
(112, 14, 0, 1389230112, 0, 1389230111),
(112, 5, 0, 1389230136, 0, 1389230134),
(111, 7, 0, 1389389736, 0, 1389389739),
(111, 2, 0, 1388781941, 0, 1389389739),
(111, 6, 0, 1389368117, 0, 1389389739),
(111, 13, 0, 1389389761, 0, 1389389763),
(111, 14, 0, 1389389773, 0, 1389389775),
(111, 7, 0, 1389646880, 1, 1389646881),
(111, 12, 0, 1389646899, 0, 1389646900),
(111, 13, 0, 1389646914, 1, 1389646915),
(111, 15, 0, 1389646929, 0, 1389646932),
(111, 3, 0, 1389646944, 0, 1389646945),
(111, 5, 0, 1389646957, 0, 1389646963),
(112, 14, 0, 1390708658, 1, 1390708657),
(112, 13, 0, 1390708667, 0, 1390708666),
(112, 12, 0, 1390708676, 0, 1390708674),
(112, 9, 0, 1390708696, 0, 1390708695),
(113, 13, 0, 1392675985, 0, 1392675986),
(113, 14, 0, 1392676000, 0, 1392676001),
(113, 1, 0, 1392676014, 0, 1392676015),
(113, 3, 0, 1392676027, 0, 1392676027),
(113, 6, 0, 1392676049, 0, 1392676050),
(113, 10, 0, 1392676065, 0, 1392676066),
(113, 12, 0, 1392676078, 0, 1392676079),
(113, 13, 0, 1392720586, 1, 1392720587),
(113, 15, 0, 1392720603, 0, 1392720603),
(113, 1, 0, 1392720609, 1, 1392720610),
(113, 3, 0, 1392720619, 1, 1392720619),
(113, 6, 0, 1392720627, 1, 1392720627),
(113, 7, 0, 1392720640, 0, 1392720641),
(113, 8, 0, 1392720648, 0, 1392720648),
(113, 9, 0, 1392720654, 0, 1392720655),
(113, 10, 0, 1392720663, 1, 1392720663),
(113, 11, 0, 1392720669, 0, 1392720669),
(113, 12, 0, 1392720674, 1, 1392720675),
(114, 5, 0, 1393202040, 0, 1393202043),
(114, 8, 0, 1393202131, 0, 1393202133),
(114, 6, 0, 1393202144, 0, 1393202146),
(115, 6, 0, 1393373821, 0, 1393373821),
(115, 7, 0, 1393373879, 0, 1393373880),
(116, 2, 0, 1393446117, 0, 1393446117),
(116, 1, 0, 1393446165, 0, 1393446164),
(116, 15, 0, 1393446183, 0, 1393446182),
(116, 14, 0, 1393446398, 0, 1393446397),
(116, 11, 0, 1393446496, 0, 1393446495),
(116, 6, 0, 1393446590, 0, 1393446590),
(116, 5, 0, 1393446629, 0, 1393446629),
(116, 3, 0, 1393447223, 0, 1393447222),
(116, 11, 0, 1393471962, 1, 1393471959),
(116, 6, 0, 1393472031, 1, 1393472031),
(116, 7, 0, 1393472047, 0, 1393472047),
(116, 8, 0, 1393472055, 0, 1393472055),
(116, 5, 0, 1393472067, 1, 1393472067),
(116, 3, 0, 1393472077, 1, 1393472077),
(116, 2, 0, 1393472085, 1, 1393472085),
(116, 15, 0, 1393472098, 1, 1393472098),
(116, 12, 0, 1393472116, 0, 1393472116),
(116, 11, 0, 1393474298, 2, 1393474296),
(116, 3, 0, 1393474315, 2, 1393474313),
(116, 13, 0, 1393474326, 0, 1393474324),
(116, 10, 0, 1393474350, 0, 1393474349),
(116, 7, 0, 1393572731, 1, 1393572732),
(116, 6, 0, 1393572739, 2, 1393572741),
(116, 2, 0, 1393572750, 2, 1393572752),
(116, 11, 0, 1393572765, 3, 1393572767),
(117, 13, 0, 1393701238, 0, 1393701238),
(117, 14, 0, 1393701251, 0, 1393701251),
(117, 15, 0, 1393701279, 0, 1393701279),
(117, 1, 0, 1393701290, 0, 1393701290),
(117, 2, 0, 1393701300, 0, 1393701300),
(117, 3, 0, 1393701307, 0, 1393701307),
(117, 11, 0, 1393701496, 0, 1393701496),
(116, 13, 0, 1393908544, 1, 1393908543),
(116, 8, 0, 1393908555, 1, 1393908553),
(114, 13, 0, 1395160529, 0, 1395160531),
(114, 11, 0, 1395160574, 0, 1395160579),
(118, 7, 0, 1395200075, 0, 1395200075),
(118, 13, 0, 1395200106, 0, 1395200106),
(118, 15, 0, 1395200131, 0, 1395200131),
(118, 2, 0, 1395200148, 0, 1395200148),
(118, 3, 0, 1395200158, 0, 1395200158),
(118, 5, 0, 1395200169, 0, 1395200169),
(118, 8, 0, 1395200617, 0, 1395200617),
(118, 11, 0, 1395200625, 0, 1395200625),
(118, 9, 0, 1395200647, 0, 1395200647),
(118, 4, 0, 1395200663, 0, 1395200663),
(118, 12, 0, 1395200678, 0, 1395200678),
(118, 1, 0, 1395200683, 0, 1395200683),
(118, 10, 0, 1395200698, 0, 1395200697),
(118, 6, 0, 1395267757, 0, 1395267756),
(118, 7, 0, 1395286485, 1, 1395286487),
(118, 8, 0, 1395350697, 1, 1395350695),
(118, 10, 0, 1395350705, 1, 1395350703),
(118, 2, 0, 1395350723, 1, 1395350721),
(118, 3, 0, 1395350733, 1, 1395350730),
(118, 5, 0, 1395350739, 1, 1395350736),
(118, 1, 0, 1395382734, 1, 1395382731),
(118, 8, 0, 1395382756, 2, 1395382753),
(118, 7, 0, 1395382765, 2, 1395382762),
(118, 5, 0, 1395382778, 2, 1395382775),
(118, 3, 0, 1395382790, 2, 1395382786),
(118, 15, 0, 1395382803, 1, 1395382800),
(109, 3, 0, 1395516956, 0, 1395516957),
(109, 1, 0, 1395516963, 0, 1395516963),
(109, 5, 0, 1395516967, 0, 1395516966),
(109, 6, 0, 1395516973, 1, 1395516973),
(120, 6, 0, 1395805922, 0, 1395805921),
(120, 2, 0, 1395805953, 0, 1395805952),
(120, 3, 0, 1395805959, 0, 1395805958),
(120, 5, 0, 1395805968, 0, 1395805967),
(120, 6, 0, 1396122972, 1, 1396122973),
(120, 5, 0, 1396122993, 1, 1396122993),
(122, 6, 0, 1396666465, 0, 1396666464),
(122, 7, 0, 1396666471, 0, 1396666470),
(122, 9, 0, 1396666478, 0, 1396666477),
(122, 13, 0, 1396666489, 0, 1396666488),
(122, 14, 0, 1396666524, 0, 1396666523),
(122, 15, 0, 1396666530, 0, 1396666529),
(122, 2, 0, 1396666535, 0, 1396666534),
(122, 3, 0, 1396666540, 0, 1396666538),
(122, 5, 0, 1396666546, 0, 1396666545),
(123, 6, 0, 1396666777, 0, 1396666778),
(123, 9, 0, 1396666786, 0, 1396666787),
(125, 13, 0, 1396882547, 0, 1396882551),
(125, 9, 0, 1396882558, 0, 1396882562),
(125, 7, 0, 1396882567, 0, 1396882571),
(125, 2, 0, 1396886458, 0, 1396886462),
(125, 4, 0, 1396886533, 0, 1396886536),
(120, 12, 0, 1396960251, 0, 1396960253),
(120, 9, 0, 1396960285, 0, 1396960284),
(110, 11, 0, 1397006447, 0, 1397006446),
(130, 6, 0, 1397899659, 0, 1397899660),
(130, 6, 0, 1397994950, 1, 1397994954),
(130, 8, 0, 1397995028, 0, 1397995030),
(130, 10, 0, 1397995112, 0, 1397995114),
(130, 11, 0, 1397995134, 0, 1397995135),
(130, 12, 0, 1397995153, 0, 1397995155),
(130, 13, 0, 1397995172, 0, 1397995173),
(130, 14, 0, 1397995194, 0, 1397995196),
(130, 15, 0, 1397995203, 0, 1397995204),
(130, 1, 0, 1397995214, 0, 1397995217),
(130, 2, 0, 1397995229, 0, 1397995231),
(130, 3, 0, 1397995251, 0, 1397995253),
(130, 4, 0, 1397995261, 0, 1397995263),
(130, 5, 0, 1397995283, 0, 1397995285),
(130, 5, 0, 1398181428, 1, 1398181430),
(124, 11, 0, 1398182185, 0, 1398182185),
(124, 9, 0, 1398184254, 0, 1398184256),
(131, 13, 0, 1398187020, 0, 1398187020),
(131, 1, 0, 1398188558, 0, 1398188558),
(131, 14, 0, 1398193254, 0, 1398193255),
(107, 2, 0, 1398294237, 4, 1398294242),
(132, 6, 0, 1398373978, 0, 1398373978),
(132, 12, 0, 1398373986, 0, 1398373986),
(132, 11, 0, 1398374028, 0, 1398374028),
(132, 8, 0, 1398374236, 0, 1398374237),
(124, 6, 0, 1399312783, 0, 1399312784),
(124, 2, 0, 1399312802, 0, 1399312802),
(124, 3, 0, 1399312812, 0, 1399312813),
(124, 7, 0, 1399312829, 0, 1399312830),
(124, 12, 0, 1399312853, 0, 1399312853),
(120, 5, 0, 1399424470, 2, 1399424470),
(120, 6, 0, 1399424480, 2, 1399424480),
(120, 7, 0, 1399424489, 0, 1399424489),
(120, 2, 0, 1399424510, 1, 1399424510),
(120, 3, 0, 1399424515, 1, 1399424515),
(124, 2, 0, 1399586468, 1, 1399586470),
(124, 12, 0, 1399586473, 1, 1399586474),
(124, 15, 0, 1399586478, 0, 1399586479),
(124, 1, 0, 1399586482, 0, 1399586483),
(124, 6, 0, 1399586485, 1, 1399586487),
(124, 9, 0, 1399586489, 1, 1399586491),
(133, 12, 0, 1399818222, 0, 1399818224),
(133, 4, 0, 1399818236, 0, 1399818237),
(91, 9, 0, 1400277794, 1, 1400277795),
(91, 3, 0, 1385651212, 1, 1400277795),
(91, 6, 0, 1385651217, 1, 1400277795),
(91, 9, 0, 1385651233, 1, 1400277795),
(91, 14, 0, 1385651259, 1, 1400277795),
(91, 12, 0, 1400277803, 1, 1400277804),
(91, 7, 0, 1400277844, 0, 1400277845),
(134, 5, 0, 1400610746, 0, 1400610746),
(134, 6, 0, 1400610754, 0, 1400610754),
(134, 7, 0, 1400610762, 0, 1400610761),
(91, 6, 0, 1400712837, 2, 1400712835),
(91, 7, 0, 1400712841, 1, 1400712839),
(91, 12, 0, 1400712876, 2, 1400712874),
(91, 9, 0, 1400712896, 3, 1400712894),
(91, 15, 0, 1400712902, 0, 1400712901),
(107, 8, 0, 1401148385, 0, 1401148389),
(135, 6, 0, 1401217515, 0, 1401217514),
(135, 7, 0, 1401217527, 0, 1401217527),
(135, 8, 0, 1401217538, 0, 1401217537),
(135, 9, 0, 1401217547, 0, 1401217547),
(135, 10, 0, 1401217558, 0, 1401217558),
(135, 11, 0, 1401217573, 0, 1401217572),
(135, 12, 0, 1401217580, 0, 1401217580),
(135, 13, 0, 1401217586, 0, 1401217585),
(135, 14, 0, 1401217592, 0, 1401217592),
(135, 15, 0, 1401217603, 0, 1401217603),
(135, 1, 0, 1401217612, 0, 1401217611),
(135, 2, 0, 1401217617, 0, 1401217616),
(135, 3, 0, 1401217623, 0, 1401217623),
(135, 4, 0, 1401217628, 0, 1401217627),
(135, 5, 0, 1401217634, 0, 1401217634),
(135, 1, 0, 1401303613, 1, 1401303613),
(135, 9, 0, 1401303625, 1, 1401303627),
(135, 6, 0, 1401303638, 1, 1401303638),
(136, 15, 0, 1401412491, 0, 1401412493),
(136, 7, 0, 1401412505, 0, 1401412506),
(136, 10, 0, 1401412518, 0, 1401412518),
(136, 14, 0, 1401412530, 0, 1401412531),
(136, 6, 0, 1401412540, 0, 1401412541);

-- --------------------------------------------------------

--
-- Table structure for table `origins`
--

CREATE TABLE IF NOT EXISTS `origins` (
  `originuserid` int(11) NOT NULL,
  `origin` varchar(128) NOT NULL,
  `originlastlogindate` int(11) NOT NULL
) ENGINE=MyISAM DEFAULT CHARSET=utf8;

--
-- Dumping data for table `origins`
--

INSERT INTO `origins` (`originuserid`, `origin`, `originlastlogindate`) VALUES
(1, 'APITEST', 1371578684),
(2, 'APITEST', 1371578776),
(3, 'APITEST', 1371578884),
(4, 'APITEST', 1371578947),
(5, 'APITEST', 1371578977),
(6, 'APITEST', 1371579088),
(7, 'APITEST', 1371579195),
(8, 'APITEST', 1371579198),
(9, 'APITEST', 1371579303),
(10, 'APITEST', 1371579307),
(11, 'APITEST', 1371579407),
(12, 'APITEST', 1371579515),
(13, 'APITEST', 1371579598),
(14, 'APITEST', 1371579639),
(15, 'APITEST', 1371579726),
(16, 'APITEST', 1371579849),
(17, 'APITEST', 1371579866),
(18, 'APITEST', 1371580019),
(19, 'APITEST', 1371580047),
(20, 'APITEST', 1371580170),
(21, 'APITEST', 1371580286),
(22, 'APITEST', 1371580323),
(23, 'APITEST', 1371580383),
(24, 'APITEST', 1371580401),
(25, 'APITEST', 1371580433),
(26, 'APITEST', 1371580442),
(27, 'APITEST', 1371580447),
(28, 'APITEST', 1371580452),
(29, 'APITEST', 1371580458),
(30, 'APITEST', 1371580469),
(31, 'APITEST', 1371580493),
(32, 'APITEST', 1371580536),
(33, 'APITEST', 1371580593),
(34, 'APITEST', 1371580629),
(35, 'APITEST', 1371580710),
(36, 'APITEST', 1371581264),
(37, 'APITEST', 1371581319),
(38, 'APITEST', 1371581674),
(39, 'APITEST', 1371581747),
(40, 'APITEST', 1371582061),
(41, ' ', 1371582453),
(42, 'APITEST', 1371582474),
(43, 'APITEST', 1371583202),
(44, 'APITEST', 1371583306),
(45, 'APITEST', 1371585749),
(46, 'APITEST', 1371585831),
(47, 'APITEST', 1371585866),
(48, 'APITEST', 1371585899),
(49, 'APITEST', 1371585913),
(50, 'APITEST', 1371585915),
(51, 'APITEST', 1371585919),
(52, 'APITEST', 1371585953),
(53, 'APITEST', 1371585970),
(54, ' ', 1371586095),
(55, ' ', 1371586189),
(56, ' ', 1371586251),
(57, 'APITEST', 1371586253),
(58, 'APITEST', 1371586278),
(59, 'APITEST', 1371586324),
(60, ' ', 1371586383),
(61, ' ', 1371586503),
(62, ' ', 1371586674),
(63, ' ', 1371586748),
(64, ' ', 1371586858),
(65, ' ', 1371586959),
(66, ' ', 1371587057),
(67, ' ', 1371587155),
(68, ' ', 1371587209),
(69, ' ', 1371587308),
(70, ' ', 1371587356),
(71, '03d0be9f39a205232e57b13740eeed9da4845816a76eee45fdda483b1c779392', 1371707529),
(72, ' ', 1371742051),
(73, ' ', 1371742162),
(74, ' ', 1371743741),
(75, '3b12401d6215ca6e072a8dd938fd8683a0200979f04d7b8270bfdcb9f7e1dd38', 1371758513),
(75, '3f3059763c9f', 1371759465),
(74, '03d0be9f39a205232e57b13740eeed9da4845816a76eee45fdda483b1c779392', 1371768741),
(74, '72d06c7437dd', 1371761515),
(76, ' ', 1371761400),
(77, ' ', 1371761574),
(78, ' ', 1371761674),
(79, ' ', 1371764818),
(80, ' ', 1371765836),
(81, '03d0be9f39a205232e57b13740eeed9da4845816a76eee45fdda483b1c779392', 1371769058),
(82, ' ', 1371769257),
(81, '018db8a3b08d', 1372270451),
(83, '83649287a72f98a974d8819c8d70bebb05fd8264f4419e2305b63fc205b69aac', 1372192369),
(83, ' ', 1378919527),
(84, '619530f66eeb719a35c8a72a00b3d4ec09a5ef52b3a4d2fc997b8a7f9f177798', 1372195062),
(84, '2011d639292a', 1372196174),
(85, '6ef9801ab7961296fcb27125afe221bba5bfe6168f4451c49b538546ccafbc0e', 1372257292),
(85, '2f95a7ac56ba', 1375930344),
(83, '2f19399b11fd', 1378853668),
(86, 'c97bd48aa6052f74016e4f9f49e6d01fb1ee1d92f3b8eb31e5120725e3388262', 1373582888),
(86, '8eac7c6e2490', 1377847427),
(86, '03d0be9f39a205232e57b13740eeed9da4845816a76eee45fdda483b1c779392', 1373661963),
(87, 'b2d61de5e58590c57ecbee48c0d8dfc7d9421f1953db0461f7e52a74368a24ee', 1374010725),
(87, '7edca7eabe46', 1374010957),
(88, ' ', 1374459832),
(89, ' ', 1374788521),
(90, ' ', 1374788576),
(91, '03d0be9f39a205232e57b13740eeed9da4845816a76eee45fdda483b1c779392', 1377883006),
(91, 'da361c4c104b', 1400712832),
(83, '5819cab7ddd4f43cb1bff3b61770f96d002476bfad4175e428077928df96d9f1', 1378853461),
(92, 'APITEST', 1382033698),
(93, ' ', 1382035138),
(94, ' ', 1382035298),
(95, ' ', 1382047686),
(96, ' ', 1382048564),
(97, ' ', 1382048673),
(98, 'b005a0c9fde074afcbfb502899e5a0e2b50cfbff09da17158f0c1374e6903697', 1382111545),
(98, 'da7ce4439c7e', 1382111668),
(99, ' ', 1383344159),
(100, ' ', 1383344978),
(100, '587f0195aebb98baa643182d0c13b4528bff4adca9dbb6708df7d9784fe0bc70', 1383866367),
(101, ' ', 1383938631),
(102, ' ', 1384206740),
(103, ' ', 1384206961),
(104, 'facdb7d34b120058f4fc0b4fa4d2de837f85179474a62ffa45886cbc0717fbe2', 1384554191),
(105, 'e5aebe2b4798d1fe38580c43c76e2419327f7b5b2f900617299163fb39d84c67', 1384641137),
(106, '9193c6aea99f3f79f60296cdce4af2e9681c0bee3b3b3718841a17558bf49fd5', 1384813706),
(107, '902f306570aa17cb83b1a809ae722326f498a4f5a02b3584dc4a2941c7a60a56', 1384975032),
(107, '3029cef72830', 1384975059),
(108, '1b0ecd7abfef2baba753bb29e9821cac0427ea0c6cee31bb1a770ecf1bc773f2', 1386560535),
(108, '474547f44acb', 1386561034),
(109, 'd1dc145fe3fb3d627288803ea77ad37e100622ccc0ae3b9a7f5f6a7ab3a8581b', 1387834326),
(109, '8823d6dc69c0', 1387834706),
(110, '681e6a80397ad829fb2028852c50501e97ee500e1015d9f021a44bf90770f8f5', 1388085162),
(110, '2746cf6172a1', 1388085613),
(111, '988b54e35dc54c41bb2ed751bd7cc8b3eb9836f144bcd818dec242b12e2922bb', 1388739417),
(112, ' ', 1389163710),
(111, 'c2480431da6c', 1389646996),
(113, 'ec54bfa3745119880533e292943ddeed8ca2e845005a9e66429fefa680aada31', 1392675801),
(114, '89be9ba72c33cc9ee8a4cc51ed88ddd6e3edab81546bb8a65684e685faf627a0', 1393201169),
(114, '60111ac2c84c', 1393202267),
(115, '9e3ae83bf8321de101e4806661b6610d939b6c566c685ed1695db5e727857626', 1393373541),
(115, '620a78ced3bf', 1393373938),
(116, '6aff703f5d6797b68005c1d7dcdb93a433bca98e4a4a41f4b24cf145e9180570', 1393391348),
(116, '1989e9f076d3', 1393446336),
(117, ' ', 1393700786),
(118, ' ', 1395101459),
(119, 'e7a402803764f6d0161819155e025134a95b200c4f9578a85ab3e7f27fb547c4', 1395348521),
(119, '2e4709cbfeaf', 1395438767),
(120, 'b53d50ad6e2c218a1810c46a8089e48c6b3413bb3ae892eee2f117263fbd4fd2', 1395805708),
(120, 'e50312f30654', 1395805845),
(121, 'c79218c8a2fd5ce6b7fce94f8d69f95fe83507ec7fab2527bc659239d3a622e5', 1396659883),
(122, 'ba8fb2b5f102a442782448bec63ee7ee066eabff99677f99cb3b7d5023c9de88', 1396666406),
(123, '1d9390bbdba0b3d0692898d60be702ab8bff31c2f0ff347e6f3296416637b0d7', 1396666596),
(123, 'aa8cd153a4db', 1396667122),
(124, 'a02223b2ec25f5cb2451b91fc05640d50945da17b525f803c1e1c5c36c878f4e', 1396668070),
(121, 'ef469316f94e', 1396879821),
(125, '93f4c3a9f2bf7e9d5d58f8b55e09b156f3b7776cb216fa24ec360eb4ee852cb7', 1396880167),
(125, 'ff9bbb7c386d', 1396886518),
(126, '60866c0e3a1c9fa8e6b84c328803a00b3b2518c989ea1cc6fe3212cf940a3768', 1396905245),
(126, '033c04eb6b47', 1396980071),
(127, '6abf38882940cd36645493a9254a8733e09341df610098d5c479f462724f683e', 1396979930),
(128, '60866c0e3a1c9fa8e6b84c328803a00b3b2518c989ea1cc6fe3212cf940a3768', 1396980231),
(129, 'b194808eb49a01f98439fccef047286f929c555ac352dea41ea75c4872916155', 1397150830),
(130, ' ', 1397896140),
(131, ' ', 1398194169),
(132, '44340b0c86683836c84f5b1e7e1a1319c2b88500f31c27158b58c9e006047431', 1398362467),
(133, '60866c0e3a1c9fa8e6b84c328803a00b3b2518c989ea1cc6fe3212cf940a3768', 1399572005),
(134, '9af919646d076883ebdff219ccf26a17cd0b8ff21fed7bb6945d17e6f05d4488', 1400610339),
(135, '86a918f808290eb53f132c1391585ab47413113716550e136835db2ced018d96', 1401217427),
(136, ' ', 1401412400),
(137, ' ', 1401726174);

-- --------------------------------------------------------

--
-- Table structure for table `progress`
--

CREATE TABLE IF NOT EXISTS `progress` (
  `progressuserid` int(11) NOT NULL,
  `progressactivitycurrent_1` int(11) NOT NULL,
  `progressactivitytotal_1` int(11) NOT NULL,
  `progressactivitylevel_1` int(11) NOT NULL DEFAULT '1',
  `progressactivitycurrent_2` int(11) NOT NULL,
  `progressactivitytotal_2` int(11) NOT NULL,
  `progressactivitylevel_2` int(11) NOT NULL DEFAULT '1',
  `progressactivitycurrent_3` int(11) NOT NULL,
  `progressactivitytotal_3` int(11) NOT NULL,
  `progressactivitylevel_3` int(11) NOT NULL DEFAULT '1',
  `progressactivitycurrent_4` int(11) NOT NULL,
  `progressactivitytotal_4` int(11) NOT NULL,
  `progressactivitylevel_4` int(11) NOT NULL DEFAULT '1',
  `progressactivitycurrent_5` int(11) NOT NULL,
  `progressactivitytotal_5` int(11) NOT NULL,
  `progressactivitylevel_5` int(11) NOT NULL DEFAULT '1',
  `progressactivitycurrent_6` int(11) NOT NULL,
  `progressactivitytotal_6` int(11) NOT NULL,
  `progressactivitylevel_6` int(11) NOT NULL DEFAULT '1',
  `progressactivitycurrent_7` int(11) NOT NULL,
  `progressactivitytotal_7` int(11) NOT NULL,
  `progressactivitylevel_7` int(11) NOT NULL DEFAULT '1',
  `progressactivitycurrent_8` int(11) NOT NULL,
  `progressactivitytotal_8` int(11) NOT NULL,
  `progressactivitylevel_8` int(11) NOT NULL DEFAULT '1',
  `progressactivitycurrent_9` int(11) NOT NULL,
  `progressactivitytotal_9` int(11) NOT NULL,
  `progressactivitylevel_9` int(11) NOT NULL DEFAULT '1',
  `progressactivitycurrent_10` int(11) NOT NULL,
  `progressactivitytotal_10` int(11) NOT NULL,
  `progressactivitylevel_10` int(11) NOT NULL DEFAULT '1',
  `progressactivitycurrent_11` int(11) NOT NULL,
  `progressactivitytotal_11` int(11) NOT NULL,
  `progressactivitylevel_11` int(11) NOT NULL DEFAULT '1',
  `progressactivitycurrent_12` int(11) NOT NULL,
  `progressactivitytotal_12` int(11) NOT NULL,
  `progressactivitylevel_12` int(11) NOT NULL DEFAULT '1',
  `progressactivitycurrent_13` int(11) NOT NULL,
  `progressactivitytotal_13` int(11) NOT NULL,
  `progressactivitylevel_13` int(11) NOT NULL DEFAULT '1',
  `progressactivitycurrent_14` int(11) NOT NULL,
  `progressactivitytotal_14` int(11) NOT NULL,
  `progressactivitylevel_14` int(11) NOT NULL DEFAULT '1',
  `progressactivitycurrent_15` int(11) NOT NULL,
  `progressactivitytotal_15` int(11) NOT NULL,
  `progressactivitylevel_15` int(11) NOT NULL,
  KEY `progressuserid` (`progressuserid`)
) ENGINE=MyISAM DEFAULT CHARSET=utf8;

--
-- Dumping data for table `progress`
--

INSERT INTO `progress` (`progressuserid`, `progressactivitycurrent_1`, `progressactivitytotal_1`, `progressactivitylevel_1`, `progressactivitycurrent_2`, `progressactivitytotal_2`, `progressactivitylevel_2`, `progressactivitycurrent_3`, `progressactivitytotal_3`, `progressactivitylevel_3`, `progressactivitycurrent_4`, `progressactivitytotal_4`, `progressactivitylevel_4`, `progressactivitycurrent_5`, `progressactivitytotal_5`, `progressactivitylevel_5`, `progressactivitycurrent_6`, `progressactivitytotal_6`, `progressactivitylevel_6`, `progressactivitycurrent_7`, `progressactivitytotal_7`, `progressactivitylevel_7`, `progressactivitycurrent_8`, `progressactivitytotal_8`, `progressactivitylevel_8`, `progressactivitycurrent_9`, `progressactivitytotal_9`, `progressactivitylevel_9`, `progressactivitycurrent_10`, `progressactivitytotal_10`, `progressactivitylevel_10`, `progressactivitycurrent_11`, `progressactivitytotal_11`, `progressactivitylevel_11`, `progressactivitycurrent_12`, `progressactivitytotal_12`, `progressactivitylevel_12`, `progressactivitycurrent_13`, `progressactivitytotal_13`, `progressactivitylevel_13`, `progressactivitycurrent_14`, `progressactivitytotal_14`, `progressactivitylevel_14`, `progressactivitycurrent_15`, `progressactivitytotal_15`, `progressactivitylevel_15`) VALUES
(1, 0, 14, 0, 0, 14, 0, 0, 14, 0, 0, 30, 0, 0, 21, 0, 0, 21, 0, 0, 21, 0, 0, 14, 0, 0, 14, 0, 0, 21, 0, 0, 14, 0, 0, 28, 0, 0, 14, 0, 0, 15, 0, 0, 21, 0),
(2, 0, 14, 0, 0, 14, 0, 0, 14, 0, 0, 30, 0, 0, 21, 0, 0, 21, 0, 0, 21, 0, 0, 14, 0, 0, 14, 0, 0, 21, 0, 0, 14, 0, 0, 28, 0, 0, 14, 0, 0, 15, 0, 0, 21, 0),
(3, 0, 14, 0, 0, 14, 0, 0, 14, 0, 0, 30, 0, 0, 21, 0, 0, 21, 0, 0, 21, 0, 0, 14, 0, 0, 14, 0, 0, 21, 0, 0, 14, 0, 0, 28, 0, 0, 14, 0, 0, 15, 0, 0, 21, 0),
(4, 1, 14, 0, 0, 14, 0, 0, 14, 0, 0, 30, 0, 0, 21, 0, 0, 21, 0, 0, 21, 0, 0, 14, 0, 0, 14, 0, 0, 21, 0, 0, 14, 0, 0, 28, 0, 0, 14, 0, 0, 15, 0, 0, 21, 0),
(5, 0, 14, 0, 0, 14, 0, 0, 14, 0, 0, 30, 0, 0, 21, 0, 0, 21, 0, 0, 21, 0, 0, 14, 0, 0, 14, 0, 0, 21, 0, 0, 14, 0, 0, 28, 0, 0, 14, 0, 0, 15, 0, 0, 21, 0),
(6, 0, 14, 0, 0, 14, 0, 0, 14, 0, 0, 30, 0, 0, 21, 0, 0, 21, 0, 0, 21, 0, 0, 14, 0, 0, 14, 0, 0, 21, 0, 0, 14, 0, 0, 28, 0, 0, 14, 0, 0, 15, 0, 0, 21, 0),
(7, 0, 14, 0, 0, 14, 0, 0, 14, 0, 0, 30, 0, 0, 21, 0, 0, 21, 0, 0, 21, 0, 0, 14, 0, 0, 14, 0, 0, 21, 0, 0, 14, 0, 0, 28, 0, 0, 14, 0, 0, 15, 0, 0, 21, 0),
(8, 0, 14, 0, 0, 14, 0, 0, 14, 0, 0, 30, 0, 0, 21, 0, 0, 21, 0, 0, 21, 0, 0, 14, 0, 0, 14, 0, 0, 21, 0, 0, 14, 0, 0, 28, 0, 0, 14, 0, 0, 15, 0, 0, 21, 0),
(9, 0, 14, 0, 0, 14, 0, 0, 14, 0, 0, 30, 0, 0, 21, 0, 0, 21, 0, 0, 21, 0, 0, 14, 0, 0, 14, 0, 0, 21, 0, 0, 14, 0, 0, 28, 0, 0, 14, 0, 0, 15, 0, 0, 21, 0),
(10, 0, 14, 0, 0, 14, 0, 0, 14, 0, 0, 30, 0, 0, 21, 0, 0, 21, 0, 0, 21, 0, 0, 14, 0, 0, 14, 0, 0, 21, 0, 0, 14, 0, 0, 28, 0, 0, 14, 0, 0, 15, 0, 0, 21, 0),
(11, 0, 14, 0, 0, 14, 0, 0, 14, 0, 0, 30, 0, 0, 21, 0, 0, 21, 0, 0, 21, 0, 0, 14, 0, 0, 14, 0, 0, 21, 0, 0, 14, 0, 0, 28, 0, 0, 14, 0, 0, 15, 0, 0, 21, 0),
(12, 0, 14, 0, 0, 14, 0, 0, 14, 0, 0, 30, 0, 0, 21, 0, 0, 21, 0, 0, 21, 0, 0, 14, 0, 0, 14, 0, 0, 21, 0, 0, 14, 0, 0, 28, 0, 0, 14, 0, 0, 15, 0, 0, 21, 0),
(13, 0, 14, 0, 0, 14, 0, 0, 14, 0, 0, 30, 0, 0, 21, 0, 0, 21, 0, 0, 21, 0, 0, 14, 0, 0, 14, 0, 0, 21, 0, 0, 14, 0, 0, 28, 0, 0, 14, 0, 0, 15, 0, 0, 21, 0),
(14, 0, 14, 0, 0, 14, 0, 0, 14, 0, 0, 30, 0, 0, 21, 0, 0, 21, 0, 0, 21, 0, 0, 14, 0, 0, 14, 0, 0, 21, 0, 0, 14, 0, 0, 28, 0, 0, 14, 0, 0, 15, 0, 0, 21, 0),
(15, 0, 14, 0, 0, 14, 0, 0, 14, 0, 0, 30, 0, 0, 21, 0, 0, 21, 0, 0, 21, 0, 0, 14, 0, 0, 14, 0, 0, 21, 0, 0, 14, 0, 0, 28, 0, 0, 14, 0, 0, 15, 0, 0, 21, 0),
(16, 0, 14, 0, 0, 14, 0, 0, 14, 0, 0, 30, 0, 0, 21, 0, 0, 21, 0, 0, 21, 0, 0, 14, 0, 0, 14, 0, 0, 21, 0, 0, 14, 0, 0, 28, 0, 0, 14, 0, 0, 15, 0, 0, 21, 0),
(17, 0, 14, 0, 0, 14, 0, 0, 14, 0, 0, 30, 0, 0, 21, 0, 0, 21, 0, 0, 21, 0, 0, 14, 0, 0, 14, 0, 0, 21, 0, 0, 14, 0, 0, 28, 0, 0, 14, 0, 0, 15, 0, 0, 21, 0),
(18, 0, 14, 0, 0, 14, 0, 0, 14, 0, 0, 30, 0, 0, 21, 0, 0, 21, 0, 0, 21, 0, 0, 14, 0, 0, 14, 0, 0, 21, 0, 0, 14, 0, 0, 28, 0, 0, 14, 0, 0, 15, 0, 0, 21, 0),
(19, 0, 14, 0, 0, 14, 0, 0, 14, 0, 0, 30, 0, 0, 21, 0, 0, 21, 0, 0, 21, 0, 0, 14, 0, 0, 14, 0, 0, 21, 0, 0, 14, 0, 0, 28, 0, 0, 14, 0, 0, 15, 0, 0, 21, 0),
(20, 0, 14, 0, 0, 14, 0, 0, 14, 0, 0, 30, 0, 0, 21, 0, 0, 21, 0, 0, 21, 0, 0, 14, 0, 0, 14, 0, 0, 21, 0, 0, 14, 0, 0, 28, 0, 0, 14, 0, 0, 15, 0, 0, 21, 0),
(21, 0, 14, 0, 0, 14, 0, 0, 14, 0, 0, 30, 0, 0, 21, 0, 0, 21, 0, 0, 21, 0, 0, 14, 0, 0, 14, 0, 0, 21, 0, 0, 14, 0, 0, 28, 0, 0, 14, 0, 0, 15, 0, 0, 21, 0),
(22, 0, 14, 0, 0, 14, 0, 0, 14, 0, 0, 30, 0, 0, 21, 0, 0, 21, 0, 0, 21, 0, 0, 14, 0, 0, 14, 0, 0, 21, 0, 0, 14, 0, 0, 28, 0, 0, 14, 0, 0, 15, 0, 0, 21, 0),
(23, 1, 14, 0, 0, 14, 0, 0, 14, 0, 0, 30, 0, 0, 21, 0, 0, 21, 0, 0, 21, 0, 0, 14, 0, 0, 14, 0, 0, 21, 0, 0, 14, 0, 0, 28, 0, 0, 14, 0, 0, 15, 0, 0, 21, 0),
(24, 1, 14, 0, 0, 14, 0, 0, 14, 0, 0, 30, 0, 0, 21, 0, 0, 21, 0, 0, 21, 0, 0, 14, 0, 0, 14, 0, 0, 21, 0, 0, 14, 0, 0, 28, 0, 0, 14, 0, 0, 15, 0, 0, 21, 0),
(25, 1, 14, 0, 0, 14, 0, 0, 14, 0, 0, 30, 0, 0, 21, 0, 0, 21, 0, 0, 21, 0, 0, 14, 0, 0, 14, 0, 0, 21, 0, 0, 14, 0, 0, 28, 0, 0, 14, 0, 0, 15, 0, 0, 21, 0),
(26, 1, 14, 0, 0, 14, 0, 0, 14, 0, 0, 30, 0, 0, 21, 0, 0, 21, 0, 0, 21, 0, 0, 14, 0, 0, 14, 0, 0, 21, 0, 0, 14, 0, 0, 28, 0, 0, 14, 0, 0, 15, 0, 0, 21, 0),
(27, 1, 14, 0, 0, 14, 0, 0, 14, 0, 0, 30, 0, 0, 21, 0, 0, 21, 0, 0, 21, 0, 0, 14, 0, 0, 14, 0, 0, 21, 0, 0, 14, 0, 0, 28, 0, 0, 14, 0, 0, 15, 0, 0, 21, 0),
(28, 1, 14, 0, 0, 14, 0, 0, 14, 0, 0, 30, 0, 0, 21, 0, 0, 21, 0, 0, 21, 0, 0, 14, 0, 0, 14, 0, 0, 21, 0, 0, 14, 0, 0, 28, 0, 0, 14, 0, 0, 15, 0, 0, 21, 0),
(29, 1, 14, 0, 0, 14, 0, 0, 14, 0, 0, 30, 0, 0, 21, 0, 0, 21, 0, 0, 21, 0, 0, 14, 0, 0, 14, 0, 0, 21, 0, 0, 14, 0, 0, 28, 0, 0, 14, 0, 0, 15, 0, 0, 21, 0),
(30, 1, 14, 0, 0, 14, 0, 0, 14, 0, 0, 30, 0, 0, 21, 0, 0, 21, 0, 0, 21, 0, 0, 14, 0, 0, 14, 0, 0, 21, 0, 0, 14, 0, 0, 28, 0, 0, 14, 0, 0, 15, 0, 0, 21, 0),
(31, 0, 14, 0, 0, 14, 0, 0, 14, 0, 0, 30, 0, 0, 21, 0, 0, 21, 0, 0, 21, 0, 0, 14, 0, 0, 14, 0, 0, 21, 0, 0, 14, 0, 0, 28, 0, 0, 14, 0, 0, 15, 0, 0, 21, 0),
(32, 0, 14, 0, 0, 14, 0, 0, 14, 0, 0, 30, 0, 0, 21, 0, 0, 21, 0, 0, 21, 0, 0, 14, 0, 0, 14, 0, 0, 21, 0, 0, 14, 0, 0, 28, 0, 0, 14, 0, 0, 15, 0, 0, 21, 0),
(33, 0, 14, 0, 0, 14, 0, 0, 14, 0, 0, 30, 0, 0, 21, 0, 0, 21, 0, 0, 21, 0, 0, 14, 0, 0, 14, 0, 0, 21, 0, 0, 14, 0, 0, 28, 0, 0, 14, 0, 0, 15, 0, 0, 21, 0),
(34, 0, 14, 0, 0, 14, 0, 0, 14, 0, 0, 30, 0, 0, 21, 0, 0, 21, 0, 0, 21, 0, 0, 14, 0, 0, 14, 0, 0, 21, 0, 0, 14, 0, 0, 28, 0, 0, 14, 0, 0, 15, 0, 0, 21, 0),
(35, 0, 14, 0, 0, 14, 0, 0, 14, 0, 0, 30, 0, 0, 21, 0, 0, 21, 0, 0, 21, 0, 0, 14, 0, 0, 14, 0, 0, 21, 0, 0, 14, 0, 0, 28, 0, 0, 14, 0, 0, 15, 0, 0, 21, 0),
(36, 0, 14, 0, 0, 14, 0, 0, 14, 0, 0, 30, 0, 0, 21, 0, 0, 21, 0, 0, 21, 0, 0, 14, 0, 0, 14, 0, 0, 21, 0, 0, 14, 0, 0, 28, 0, 0, 14, 0, 0, 15, 0, 0, 21, 0),
(37, 1, 14, 0, 0, 14, 0, 0, 14, 0, 0, 30, 0, 0, 21, 0, 0, 21, 0, 0, 21, 0, 0, 14, 0, 0, 14, 0, 0, 21, 0, 0, 14, 0, 0, 28, 0, 0, 14, 0, 0, 15, 0, 0, 21, 0),
(38, 1, 14, 0, 0, 14, 0, 0, 14, 0, 0, 30, 0, 0, 21, 0, 0, 21, 0, 0, 21, 0, 0, 14, 0, 0, 14, 0, 0, 21, 0, 0, 14, 0, 0, 28, 0, 0, 14, 0, 0, 15, 0, 0, 21, 0),
(39, 1, 14, 0, 0, 14, 0, 0, 14, 0, 0, 30, 0, 0, 21, 0, 0, 21, 0, 0, 21, 0, 0, 14, 0, 0, 14, 0, 0, 21, 0, 0, 14, 0, 0, 28, 0, 0, 14, 0, 0, 15, 0, 0, 21, 0),
(40, 1, 14, 0, 0, 14, 0, 0, 14, 0, 0, 30, 0, 0, 21, 0, 0, 21, 0, 0, 21, 0, 0, 14, 0, 0, 14, 0, 0, 21, 0, 0, 14, 0, 0, 28, 0, 0, 14, 0, 0, 15, 0, 0, 21, 0),
(41, 0, 14, 0, 0, 14, 0, 0, 14, 0, 0, 30, 0, 0, 21, 0, 0, 21, 0, 0, 21, 0, 0, 14, 0, 0, 14, 0, 0, 21, 0, 0, 14, 0, 0, 28, 0, 0, 14, 0, 0, 15, 0, 0, 21, 0),
(42, 1, 14, 0, 0, 14, 0, 0, 14, 0, 0, 30, 0, 0, 21, 0, 0, 21, 0, 0, 21, 0, 0, 14, 0, 0, 14, 0, 0, 21, 0, 0, 14, 0, 0, 28, 0, 0, 14, 0, 0, 15, 0, 0, 21, 0),
(43, 1, 14, 0, 0, 14, 0, 0, 14, 0, 0, 30, 0, 0, 21, 0, 0, 21, 0, 0, 21, 0, 0, 14, 0, 0, 14, 0, 0, 21, 0, 0, 14, 0, 0, 28, 0, 0, 14, 0, 0, 15, 0, 0, 21, 0),
(44, 1, 14, 0, 0, 14, 0, 0, 14, 0, 0, 30, 0, 0, 21, 0, 0, 21, 0, 0, 21, 0, 0, 14, 0, 0, 14, 0, 0, 21, 0, 0, 14, 0, 0, 28, 0, 0, 14, 0, 0, 15, 0, 0, 21, 0),
(45, 0, 14, 0, 0, 14, 0, 0, 14, 0, 0, 30, 0, 0, 21, 0, 0, 21, 0, 0, 21, 0, 0, 14, 0, 0, 14, 0, 0, 21, 0, 0, 14, 0, 0, 28, 0, 0, 14, 0, 0, 15, 0, 0, 21, 0),
(46, 1, 14, 0, 0, 14, 0, 0, 14, 0, 0, 30, 0, 0, 21, 0, 0, 21, 0, 0, 21, 0, 0, 14, 0, 0, 14, 0, 0, 21, 0, 0, 14, 0, 0, 28, 0, 0, 14, 0, 0, 15, 0, 0, 21, 0),
(47, 1, 14, 0, 0, 14, 0, 0, 14, 0, 0, 30, 0, 0, 21, 0, 0, 21, 0, 0, 21, 0, 0, 14, 0, 0, 14, 0, 0, 21, 0, 0, 14, 0, 0, 28, 0, 0, 14, 0, 0, 15, 0, 0, 21, 0),
(48, 1, 14, 0, 0, 14, 0, 0, 14, 0, 0, 30, 0, 0, 21, 0, 0, 21, 0, 0, 21, 0, 0, 14, 0, 0, 14, 0, 0, 21, 0, 0, 14, 0, 0, 28, 0, 0, 14, 0, 0, 15, 0, 0, 21, 0),
(49, 1, 14, 0, 0, 14, 0, 0, 14, 0, 0, 30, 0, 0, 21, 0, 0, 21, 0, 0, 21, 0, 0, 14, 0, 0, 14, 0, 0, 21, 0, 0, 14, 0, 0, 28, 0, 0, 14, 0, 0, 15, 0, 0, 21, 0),
(50, 1, 14, 0, 0, 14, 0, 0, 14, 0, 0, 30, 0, 0, 21, 0, 0, 21, 0, 0, 21, 0, 0, 14, 0, 0, 14, 0, 0, 21, 0, 0, 14, 0, 0, 28, 0, 0, 14, 0, 0, 15, 0, 0, 21, 0),
(51, 1, 14, 0, 0, 14, 0, 0, 14, 0, 0, 30, 0, 0, 21, 0, 0, 21, 0, 0, 21, 0, 0, 14, 0, 0, 14, 0, 0, 21, 0, 0, 14, 0, 0, 28, 0, 0, 14, 0, 0, 15, 0, 0, 21, 0),
(52, 1, 14, 0, 0, 14, 0, 0, 14, 0, 0, 30, 0, 0, 21, 0, 0, 21, 0, 0, 21, 0, 0, 14, 0, 0, 14, 0, 0, 21, 0, 0, 14, 0, 0, 28, 0, 0, 14, 0, 0, 15, 0, 0, 21, 0),
(53, 1, 14, 0, 0, 14, 0, 0, 14, 0, 0, 30, 0, 0, 21, 0, 0, 21, 0, 0, 21, 0, 0, 14, 0, 0, 14, 0, 0, 21, 0, 0, 14, 0, 0, 28, 0, 0, 14, 0, 0, 15, 0, 0, 21, 0),
(54, 0, 14, 0, 0, 14, 0, 0, 14, 0, 0, 30, 0, 0, 21, 0, 0, 21, 0, 0, 21, 0, 0, 14, 0, 0, 14, 0, 0, 21, 0, 0, 14, 0, 0, 28, 0, 0, 14, 0, 0, 15, 0, 0, 21, 0),
(55, 0, 14, 0, 0, 14, 0, 0, 14, 0, 0, 30, 0, 0, 21, 0, 0, 21, 0, 0, 21, 0, 0, 14, 0, 0, 14, 0, 0, 21, 0, 0, 14, 0, 0, 28, 0, 0, 14, 0, 0, 15, 0, 0, 21, 0),
(56, 0, 14, 0, 0, 14, 0, 0, 14, 0, 0, 30, 0, 0, 21, 0, 0, 21, 0, 0, 21, 0, 0, 14, 0, 0, 14, 0, 0, 21, 0, 0, 14, 0, 0, 28, 0, 0, 14, 0, 0, 15, 0, 0, 21, 0),
(57, 0, 14, 0, 0, 14, 0, 0, 14, 0, 0, 30, 0, 0, 21, 0, 0, 21, 0, 0, 21, 0, 0, 14, 0, 0, 14, 0, 0, 21, 0, 0, 14, 0, 0, 28, 0, 0, 14, 0, 0, 15, 0, 0, 21, 0),
(58, 0, 14, 0, 0, 14, 0, 0, 14, 0, 0, 30, 0, 0, 21, 0, 0, 21, 0, 0, 21, 0, 0, 14, 0, 0, 14, 0, 0, 21, 0, 0, 14, 0, 0, 28, 0, 0, 14, 0, 0, 15, 0, 0, 21, 0),
(59, 1, 14, 0, 0, 14, 0, 0, 14, 0, 0, 30, 0, 0, 21, 0, 0, 21, 0, 0, 21, 0, 0, 14, 0, 0, 14, 0, 0, 21, 0, 0, 14, 0, 0, 28, 0, 0, 14, 0, 0, 15, 0, 0, 21, 0),
(60, 0, 14, 0, 0, 14, 0, 0, 14, 0, 0, 30, 0, 0, 21, 0, 0, 21, 0, 0, 21, 0, 0, 14, 0, 0, 14, 0, 0, 21, 0, 0, 14, 0, 0, 28, 0, 0, 14, 0, 0, 15, 0, 0, 21, 0),
(61, 0, 14, 0, 0, 14, 0, 0, 14, 0, 0, 30, 0, 0, 21, 0, 0, 21, 0, 0, 21, 0, 0, 14, 0, 0, 14, 0, 0, 21, 0, 0, 14, 0, 0, 28, 0, 0, 14, 0, 0, 15, 0, 0, 21, 0),
(62, 0, 14, 0, 0, 14, 0, 0, 14, 0, 0, 30, 0, 0, 21, 0, 0, 21, 0, 0, 21, 0, 0, 14, 0, 0, 14, 0, 0, 21, 0, 0, 14, 0, 0, 28, 0, 0, 14, 0, 0, 15, 0, 0, 21, 0),
(63, 0, 14, 0, 0, 14, 0, 0, 14, 0, 0, 30, 0, 0, 21, 0, 0, 21, 0, 0, 21, 0, 0, 14, 0, 0, 14, 0, 0, 21, 0, 0, 14, 0, 0, 28, 0, 0, 14, 0, 0, 15, 0, 0, 21, 0),
(64, 0, 14, 0, 0, 14, 0, 0, 14, 0, 0, 30, 0, 0, 21, 0, 0, 21, 0, 0, 21, 0, 0, 14, 0, 0, 14, 0, 0, 21, 0, 0, 14, 0, 0, 28, 0, 0, 14, 0, 0, 15, 0, 0, 21, 0),
(65, 0, 14, 0, 0, 14, 0, 0, 14, 0, 0, 30, 0, 0, 21, 0, 0, 21, 0, 0, 21, 0, 0, 14, 0, 0, 14, 0, 0, 21, 0, 0, 14, 0, 0, 28, 0, 0, 14, 0, 0, 15, 0, 0, 21, 0),
(66, 0, 14, 0, 0, 14, 0, 0, 14, 0, 0, 30, 0, 0, 21, 0, 0, 21, 0, 0, 21, 0, 0, 14, 0, 0, 14, 0, 0, 21, 0, 0, 14, 0, 0, 28, 0, 0, 14, 0, 0, 15, 0, 0, 21, 0),
(67, 0, 14, 0, 0, 14, 0, 0, 14, 0, 0, 30, 0, 0, 21, 0, 0, 21, 0, 0, 21, 0, 0, 14, 0, 0, 14, 0, 0, 21, 0, 0, 14, 0, 0, 28, 0, 0, 14, 0, 0, 15, 0, 0, 21, 0),
(68, 0, 14, 0, 0, 14, 0, 0, 14, 0, 0, 30, 0, 0, 21, 0, 0, 21, 0, 0, 21, 0, 0, 14, 0, 0, 14, 0, 0, 21, 0, 0, 14, 0, 0, 28, 0, 0, 14, 0, 0, 15, 0, 0, 21, 0),
(69, 0, 14, 0, 0, 14, 0, 0, 14, 0, 0, 30, 0, 0, 21, 0, 0, 21, 0, 0, 21, 0, 0, 14, 0, 0, 14, 0, 0, 21, 0, 0, 14, 0, 0, 28, 0, 0, 14, 0, 0, 15, 0, 0, 21, 0),
(70, 0, 14, 0, 0, 14, 0, 0, 14, 0, 0, 30, 0, 0, 21, 0, 0, 21, 0, 0, 21, 0, 0, 14, 0, 0, 14, 0, 0, 21, 0, 0, 14, 0, 0, 28, 0, 0, 14, 0, 0, 15, 0, 0, 21, 0),
(71, 0, 14, 0, 0, 14, 0, 0, 14, 0, 0, 30, 0, 0, 21, 0, 0, 21, 0, 0, 21, 0, 0, 14, 0, 0, 14, 0, 0, 21, 0, 0, 14, 0, 0, 28, 0, 0, 14, 0, 0, 15, 0, 0, 21, 0),
(72, 0, 14, 0, 0, 14, 0, 0, 14, 0, 0, 30, 0, 0, 21, 0, 0, 21, 0, 0, 21, 0, 0, 14, 0, 0, 14, 0, 0, 21, 0, 0, 14, 0, 0, 28, 0, 0, 14, 0, 0, 15, 0, 0, 21, 0),
(73, 1, 14, 0, 1, 14, 0, 0, 14, 0, 0, 30, 0, 0, 21, 0, 0, 21, 0, 0, 21, 0, 1, 14, 0, 1, 14, 0, 0, 21, 0, 0, 14, 0, 0, 28, 0, 0, 14, 0, 0, 15, 0, 0, 21, 0),
(74, 1, 14, 0, 1, 14, 0, 0, 14, 0, 1, 30, 0, 5, 21, 0, 0, 21, 0, 1, 21, 0, 0, 14, 0, 2, 14, 0, 0, 21, 0, 1, 14, 0, 1, 28, 0, 1, 14, 0, 1, 15, 0, 1, 21, 0),
(75, 1, 14, 0, 1, 14, 0, 1, 14, 0, 1, 30, 0, 1, 21, 0, 1, 21, 0, 1, 21, 0, 1, 14, 0, 1, 14, 0, 1, 21, 0, 1, 14, 0, 1, 28, 0, 1, 14, 0, 1, 15, 0, 1, 21, 0),
(76, 0, 14, 0, 0, 14, 0, 0, 14, 0, 0, 30, 0, 0, 21, 0, 0, 21, 0, 0, 21, 0, 0, 14, 0, 0, 14, 0, 0, 21, 0, 0, 14, 0, 0, 28, 0, 0, 14, 0, 0, 15, 0, 0, 21, 0),
(77, 0, 14, 0, 0, 14, 0, 0, 14, 0, 0, 30, 0, 0, 21, 0, 0, 21, 0, 0, 21, 0, 0, 14, 0, 0, 14, 0, 0, 21, 0, 0, 14, 0, 0, 28, 0, 0, 14, 0, 0, 15, 0, 0, 21, 0),
(78, 0, 14, 0, 0, 14, 0, 0, 14, 0, 0, 30, 0, 0, 21, 0, 0, 21, 0, 0, 21, 0, 0, 14, 0, 0, 14, 0, 0, 21, 0, 0, 14, 0, 0, 28, 0, 0, 14, 0, 0, 15, 0, 0, 21, 0),
(79, 0, 14, 0, 0, 14, 0, 0, 14, 0, 0, 30, 0, 0, 21, 0, 0, 21, 0, 0, 21, 0, 0, 14, 0, 0, 14, 0, 0, 21, 0, 0, 14, 0, 0, 28, 0, 0, 14, 0, 0, 15, 0, 0, 21, 0),
(80, 0, 14, 0, 0, 14, 0, 0, 14, 0, 0, 30, 0, 0, 21, 0, 0, 21, 0, 0, 21, 0, 0, 14, 0, 0, 14, 0, 0, 21, 0, 0, 14, 0, 0, 28, 0, 0, 14, 0, 0, 15, 0, 0, 21, 0),
(81, 1, 14, 0, 0, 14, 0, 0, 14, 0, 1, 30, 0, 1, 21, 0, 1, 21, 0, 0, 21, 0, 0, 14, 0, 1, 14, 0, 0, 21, 0, 1, 14, 0, 0, 28, 0, 1, 14, 0, 0, 15, 0, 0, 21, 0),
(82, 0, 14, 0, 0, 14, 0, 0, 14, 0, 0, 30, 0, 0, 21, 0, 0, 21, 0, 0, 21, 0, 0, 14, 0, 0, 14, 0, 0, 21, 0, 0, 14, 0, 0, 28, 0, 0, 14, 0, 0, 15, 0, 0, 21, 0),
(83, 1, 14, 0, 1, 14, 0, 2, 14, 0, 1, 30, 0, 1, 21, 0, 1, 21, 0, 0, 21, 0, 1, 14, 0, 1, 14, 0, 1, 21, 0, 2, 14, 0, 2, 28, 0, 3, 14, 0, 2, 15, 0, 2, 21, 0),
(84, 1, 14, 0, 1, 14, 0, 1, 14, 0, 1, 30, 0, 1, 21, 0, 1, 21, 0, 1, 21, 0, 1, 14, 0, 1, 14, 0, 2, 21, 0, 1, 14, 0, 1, 28, 0, 1, 14, 0, 1, 15, 0, 1, 21, 0),
(85, 1, 14, 0, 3, 14, 0, 3, 14, 0, 2, 30, 0, 2, 21, 0, 2, 21, 0, 3, 21, 0, 2, 14, 0, 2, 14, 0, 2, 21, 0, 2, 14, 0, 3, 28, 0, 3, 14, 0, 1, 15, 0, 1, 21, 0),
(86, 1, 14, 0, 2, 14, 0, 1, 14, 0, 1, 30, 0, 1, 21, 0, 1, 21, 0, 1, 21, 0, 1, 14, 0, 2, 14, 0, 1, 21, 0, 2, 14, 0, 2, 28, 0, 1, 14, 0, 1, 15, 0, 2, 21, 0),
(87, 0, 14, 0, 1, 14, 0, 0, 14, 0, 1, 30, 0, 0, 21, 0, 0, 21, 0, 1, 21, 0, 1, 14, 0, 0, 14, 0, 1, 21, 0, 1, 14, 0, 1, 28, 0, 1, 14, 0, 0, 15, 0, 1, 21, 0),
(88, 2, 14, 0, 3, 14, 0, 2, 14, 0, 2, 30, 0, 2, 21, 0, 2, 21, 0, 2, 21, 0, 3, 14, 0, 2, 14, 0, 2, 21, 0, 2, 14, 0, 2, 28, 0, 3, 14, 0, 3, 15, 0, 2, 21, 0),
(89, 0, 14, 0, 0, 14, 0, 0, 14, 0, 0, 30, 0, 0, 21, 0, 0, 21, 0, 1, 21, 0, 0, 14, 0, 0, 14, 0, 0, 21, 0, 1, 14, 0, 1, 28, 0, 0, 14, 0, 1, 15, 0, 0, 21, 0),
(90, 1, 14, 0, 1, 14, 0, 1, 14, 0, 1, 30, 0, 1, 21, 0, 2, 21, 0, 2, 21, 0, 1, 14, 0, 1, 14, 0, 1, 21, 0, 1, 14, 0, 1, 28, 0, 1, 14, 0, 1, 15, 0, 1, 21, 0),
(91, 1, 14, 0, 0, 14, 0, 2, 14, 0, 1, 30, 0, 0, 21, 0, 3, 21, 0, 2, 21, 0, 1, 14, 0, 4, 14, 0, 0, 21, 0, 0, 14, 0, 3, 28, 0, 0, 14, 0, 2, 15, 0, 1, 21, 0),
(92, 1, 14, 0, 0, 14, 0, 0, 14, 0, 0, 30, 0, 0, 21, 0, 0, 21, 0, 0, 21, 0, 0, 14, 0, 0, 14, 0, 0, 21, 0, 0, 14, 0, 0, 28, 0, 0, 14, 0, 0, 15, 0, 0, 21, 0),
(93, 0, 14, 0, 0, 14, 0, 0, 14, 0, 0, 30, 0, 0, 21, 0, 0, 21, 0, 0, 21, 0, 0, 14, 0, 0, 14, 0, 0, 21, 0, 0, 14, 0, 0, 28, 0, 0, 14, 0, 0, 15, 0, 0, 21, 0),
(94, 0, 14, 0, 0, 14, 0, 0, 14, 0, 0, 30, 0, 0, 21, 0, 0, 21, 0, 0, 21, 0, 0, 14, 0, 0, 14, 0, 0, 21, 0, 0, 14, 0, 0, 28, 0, 0, 14, 0, 0, 15, 0, 0, 21, 0),
(95, 0, 14, 0, 0, 14, 0, 0, 14, 0, 0, 30, 0, 0, 21, 0, 0, 21, 0, 0, 21, 0, 0, 14, 0, 0, 14, 0, 0, 21, 0, 0, 14, 0, 0, 28, 0, 0, 14, 0, 0, 15, 0, 0, 21, 0),
(96, 0, 14, 0, 0, 14, 0, 0, 14, 0, 0, 30, 0, 0, 21, 0, 0, 21, 0, 0, 21, 0, 0, 14, 0, 0, 14, 0, 0, 21, 0, 0, 14, 0, 0, 28, 0, 0, 14, 0, 0, 15, 0, 0, 21, 0),
(97, 0, 14, 0, 0, 14, 0, 0, 14, 0, 0, 30, 0, 0, 21, 0, 0, 21, 0, 0, 21, 0, 0, 14, 0, 0, 14, 0, 0, 21, 0, 0, 14, 0, 0, 28, 0, 0, 14, 0, 0, 15, 0, 0, 21, 0),
(98, 0, 14, 0, 1, 14, 0, 1, 14, 0, 0, 30, 0, 0, 21, 0, 0, 21, 0, 0, 21, 0, 0, 14, 0, 0, 14, 0, 0, 21, 0, 0, 14, 0, 0, 28, 0, 0, 14, 0, 0, 15, 0, 0, 21, 0),
(99, 0, 14, 0, 0, 14, 0, 0, 14, 0, 0, 30, 0, 1, 21, 0, 0, 21, 0, 0, 21, 0, 1, 14, 0, 0, 14, 0, 0, 21, 0, 0, 14, 0, 0, 28, 0, 1, 14, 0, 0, 15, 0, 0, 21, 0),
(100, 0, 14, 0, 0, 14, 0, 0, 14, 0, 0, 30, 0, 0, 21, 0, 0, 21, 0, 0, 21, 0, 0, 14, 0, 0, 14, 0, 0, 21, 0, 0, 14, 0, 1, 28, 0, 1, 14, 0, 0, 15, 0, 0, 21, 0),
(101, 0, 14, 0, 0, 14, 0, 0, 14, 0, 0, 30, 0, 0, 21, 0, 0, 21, 0, 0, 21, 0, 0, 14, 0, 0, 14, 0, 0, 21, 0, 0, 14, 0, 0, 28, 0, 0, 14, 0, 0, 15, 0, 0, 21, 0),
(102, 0, 14, 0, 0, 14, 0, 0, 14, 0, 0, 30, 0, 0, 21, 0, 0, 21, 0, 0, 21, 0, 0, 14, 0, 0, 14, 0, 0, 21, 0, 0, 14, 0, 0, 28, 0, 0, 14, 0, 0, 15, 0, 0, 21, 0),
(103, 0, 14, 0, 0, 14, 0, 0, 14, 0, 0, 30, 0, 0, 21, 0, 0, 21, 0, 0, 21, 0, 0, 14, 0, 0, 14, 0, 0, 21, 0, 0, 14, 0, 0, 28, 0, 0, 14, 0, 0, 15, 0, 0, 21, 0),
(104, 0, 14, 0, 0, 14, 0, 0, 14, 0, 0, 30, 0, 0, 21, 0, 0, 21, 0, 0, 21, 0, 0, 14, 0, 0, 14, 0, 0, 21, 0, 0, 14, 0, 0, 28, 0, 0, 14, 0, 0, 15, 0, 0, 21, 0),
(105, 1, 14, 0, 1, 14, 0, 1, 14, 0, 0, 30, 0, 1, 21, 0, 1, 21, 0, 0, 21, 0, 0, 14, 0, 0, 14, 0, 1, 21, 0, 0, 14, 0, 0, 28, 0, 0, 14, 0, 1, 15, 0, 1, 21, 0),
(106, 0, 14, 0, 0, 14, 0, 0, 14, 0, 0, 30, 0, 0, 21, 0, 0, 21, 0, 0, 21, 0, 0, 14, 0, 0, 14, 0, 0, 21, 0, 0, 14, 0, 0, 28, 0, 0, 14, 0, 0, 15, 0, 0, 21, 0),
(107, 1, 14, 0, 5, 14, 0, 0, 14, 0, 0, 30, 0, 0, 21, 0, 0, 21, 0, 0, 21, 0, 1, 14, 0, 0, 14, 0, 0, 21, 0, 1, 14, 0, 0, 28, 0, 0, 14, 0, 1, 15, 0, 2, 21, 0),
(108, 0, 14, 0, 1, 14, 0, 0, 14, 0, 0, 30, 0, 0, 21, 0, 0, 21, 0, 1, 21, 0, 0, 14, 0, 0, 14, 0, 1, 21, 0, 0, 14, 0, 0, 28, 0, 0, 14, 0, 0, 15, 0, 1, 21, 0),
(109, 1, 14, 0, 1, 14, 0, 1, 14, 0, 0, 30, 0, 1, 21, 0, 2, 21, 0, 0, 21, 0, 0, 14, 0, 0, 14, 0, 0, 21, 0, 0, 14, 0, 0, 28, 0, 0, 14, 0, 0, 15, 0, 0, 21, 0),
(110, 0, 14, 0, 0, 14, 0, 0, 14, 0, 0, 30, 0, 0, 21, 0, 0, 21, 0, 1, 21, 0, 0, 14, 0, 0, 14, 0, 0, 21, 0, 1, 14, 0, 0, 28, 0, 0, 14, 0, 0, 15, 0, 0, 21, 0),
(111, 0, 14, 0, 1, 14, 0, 1, 14, 0, 0, 30, 0, 1, 21, 0, 1, 21, 0, 2, 21, 0, 0, 14, 0, 0, 14, 0, 0, 21, 0, 0, 14, 0, 1, 28, 0, 2, 14, 0, 1, 15, 0, 1, 21, 0),
(112, 2, 14, 0, 2, 14, 0, 1, 14, 0, 0, 30, 0, 1, 21, 0, 1, 21, 0, 0, 21, 0, 0, 14, 0, 1, 14, 0, 0, 21, 0, 0, 14, 0, 1, 28, 0, 1, 14, 0, 2, 15, 0, 1, 21, 0),
(113, 2, 14, 0, 0, 14, 0, 2, 14, 0, 0, 30, 0, 0, 21, 0, 2, 21, 0, 1, 21, 0, 1, 14, 0, 1, 14, 0, 2, 21, 0, 1, 14, 0, 2, 28, 0, 2, 14, 0, 1, 15, 0, 1, 21, 0),
(114, 0, 14, 0, 0, 14, 0, 0, 14, 0, 0, 30, 0, 1, 21, 0, 1, 21, 0, 0, 21, 0, 1, 14, 0, 0, 14, 0, 0, 21, 0, 1, 14, 0, 0, 28, 0, 1, 14, 0, 0, 15, 0, 0, 21, 0),
(115, 0, 14, 0, 0, 14, 0, 0, 14, 0, 0, 30, 0, 0, 21, 0, 1, 21, 0, 1, 21, 0, 0, 14, 0, 0, 14, 0, 0, 21, 0, 0, 14, 0, 0, 28, 0, 0, 14, 0, 0, 15, 0, 0, 21, 0),
(116, 1, 14, 0, 3, 14, 0, 3, 14, 0, 0, 30, 0, 2, 21, 0, 3, 21, 0, 2, 21, 0, 2, 14, 0, 0, 14, 0, 1, 21, 0, 4, 14, 0, 1, 28, 0, 2, 14, 0, 1, 15, 0, 2, 21, 0),
(117, 1, 14, 0, 1, 14, 0, 1, 14, 0, 0, 30, 0, 0, 21, 0, 0, 21, 0, 0, 21, 0, 0, 14, 0, 0, 14, 0, 0, 21, 0, 1, 14, 0, 0, 28, 0, 1, 14, 0, 1, 15, 0, 1, 21, 0),
(118, 2, 14, 0, 2, 14, 0, 3, 14, 0, 1, 30, 0, 3, 21, 0, 1, 21, 0, 3, 21, 0, 3, 14, 0, 1, 14, 0, 2, 21, 0, 1, 14, 0, 1, 28, 0, 1, 14, 0, 0, 15, 0, 2, 21, 0),
(119, 0, 14, 0, 0, 14, 0, 0, 14, 0, 0, 30, 0, 0, 21, 0, 0, 21, 0, 0, 21, 0, 0, 14, 0, 0, 14, 0, 0, 21, 0, 0, 14, 0, 0, 28, 0, 0, 14, 0, 0, 15, 0, 0, 21, 0),
(120, 0, 14, 0, 2, 14, 0, 2, 14, 0, 0, 30, 0, 3, 21, 0, 3, 21, 0, 1, 21, 0, 0, 14, 0, 1, 14, 0, 0, 21, 0, 0, 14, 0, 1, 28, 0, 0, 14, 0, 0, 15, 0, 0, 21, 0),
(121, 0, 14, 0, 0, 14, 0, 0, 14, 0, 0, 30, 0, 0, 21, 0, 0, 21, 0, 0, 21, 0, 0, 14, 0, 0, 14, 0, 0, 21, 0, 0, 14, 0, 0, 28, 0, 0, 14, 0, 0, 15, 0, 0, 21, 0),
(122, 0, 14, 0, 1, 14, 0, 1, 14, 0, 0, 30, 0, 1, 21, 0, 1, 21, 0, 1, 21, 0, 0, 14, 0, 1, 14, 0, 0, 21, 0, 0, 14, 0, 0, 28, 0, 1, 14, 0, 1, 15, 0, 1, 21, 0),
(123, 0, 14, 0, 0, 14, 0, 0, 14, 0, 0, 30, 0, 0, 21, 0, 1, 21, 0, 0, 21, 0, 0, 14, 0, 1, 14, 0, 0, 21, 0, 0, 14, 0, 0, 28, 0, 0, 14, 0, 0, 15, 0, 0, 21, 0),
(124, 1, 14, 0, 2, 14, 0, 1, 14, 0, 0, 30, 0, 0, 21, 0, 2, 21, 0, 1, 21, 0, 0, 14, 0, 2, 14, 0, 0, 21, 0, 1, 14, 0, 2, 28, 0, 0, 14, 0, 0, 15, 0, 1, 21, 0),
(125, 0, 14, 0, 1, 14, 0, 0, 14, 0, 1, 30, 0, 0, 21, 0, 0, 21, 0, 1, 21, 0, 0, 14, 0, 1, 14, 0, 0, 21, 0, 0, 14, 0, 0, 28, 0, 1, 14, 0, 0, 15, 0, 0, 21, 0),
(126, 0, 14, 0, 0, 14, 0, 0, 14, 0, 0, 30, 0, 0, 21, 0, 0, 21, 0, 0, 21, 0, 0, 14, 0, 0, 14, 0, 0, 21, 0, 0, 14, 0, 0, 28, 0, 0, 14, 0, 0, 15, 0, 0, 21, 0),
(127, 0, 14, 0, 0, 14, 0, 0, 14, 0, 0, 30, 0, 0, 21, 0, 0, 21, 0, 0, 21, 0, 0, 14, 0, 0, 14, 0, 0, 21, 0, 0, 14, 0, 0, 28, 0, 0, 14, 0, 0, 15, 0, 0, 21, 0),
(128, 0, 14, 0, 0, 14, 0, 0, 14, 0, 0, 30, 0, 0, 21, 0, 0, 21, 0, 0, 21, 0, 0, 14, 0, 0, 14, 0, 0, 21, 0, 0, 14, 0, 0, 28, 0, 0, 14, 0, 0, 15, 0, 0, 21, 0),
(129, 0, 14, 0, 0, 14, 0, 0, 14, 0, 0, 30, 0, 0, 21, 0, 0, 21, 0, 0, 21, 0, 0, 14, 0, 0, 14, 0, 0, 21, 0, 0, 14, 0, 0, 28, 0, 0, 14, 0, 0, 15, 0, 0, 21, 0),
(130, 1, 14, 0, 1, 14, 0, 1, 14, 0, 1, 30, 0, 2, 21, 0, 2, 21, 0, 0, 21, 0, 1, 14, 0, 0, 14, 0, 1, 21, 0, 1, 14, 0, 1, 28, 0, 1, 14, 0, 1, 15, 0, 1, 21, 0),
(131, 1, 14, 0, 0, 14, 0, 0, 14, 0, 0, 30, 0, 0, 21, 0, 0, 21, 0, 0, 21, 0, 0, 14, 0, 0, 14, 0, 0, 21, 0, 0, 14, 0, 0, 28, 0, 1, 14, 0, 1, 15, 0, 0, 21, 0),
(132, 0, 14, 0, 0, 14, 0, 0, 14, 0, 0, 30, 0, 0, 21, 0, 1, 21, 0, 0, 21, 0, 1, 14, 0, 0, 14, 0, 0, 21, 0, 1, 14, 0, 1, 28, 0, 0, 14, 0, 0, 15, 0, 0, 21, 0),
(133, 0, 14, 0, 0, 14, 0, 0, 14, 0, 1, 30, 0, 0, 21, 0, 0, 21, 0, 0, 21, 0, 0, 14, 0, 0, 14, 0, 0, 21, 0, 0, 14, 0, 1, 28, 0, 0, 14, 0, 0, 15, 0, 0, 21, 0),
(134, 0, 14, 0, 0, 14, 0, 0, 14, 0, 0, 30, 0, 1, 21, 0, 1, 21, 0, 1, 21, 0, 0, 14, 0, 0, 14, 0, 0, 21, 0, 0, 14, 0, 0, 28, 0, 0, 14, 0, 0, 15, 0, 0, 21, 0),
(135, 2, 14, 0, 1, 14, 0, 1, 14, 0, 1, 30, 0, 1, 21, 0, 2, 21, 0, 1, 21, 0, 1, 14, 0, 2, 14, 0, 1, 21, 0, 1, 14, 0, 1, 28, 0, 1, 14, 0, 1, 15, 0, 1, 21, 0),
(136, 0, 14, 0, 0, 14, 0, 0, 14, 0, 0, 30, 0, 0, 21, 0, 1, 21, 0, 1, 21, 0, 0, 14, 0, 0, 14, 0, 1, 21, 0, 0, 14, 0, 0, 28, 0, 0, 14, 0, 1, 15, 0, 1, 21, 0),
(137, 0, 14, 0, 0, 14, 0, 0, 14, 0, 0, 30, 0, 0, 21, 0, 0, 21, 0, 0, 21, 0, 0, 14, 0, 0, 14, 0, 0, 21, 0, 0, 14, 0, 0, 28, 0, 0, 14, 0, 0, 15, 0, 0, 21, 0);

-- --------------------------------------------------------

--
-- Table structure for table `slot`
--

CREATE TABLE IF NOT EXISTS `slot` (
  `slotid` int(11) NOT NULL AUTO_INCREMENT,
  `slotorder` int(11) NOT NULL DEFAULT '0',
  `slotname` varchar(128) NOT NULL,
  `slotwhat` mediumtext NOT NULL,
  `slotwhy` mediumtext NOT NULL,
  PRIMARY KEY (`slotid`)
) ENGINE=MyISAM  DEFAULT CHARSET=utf8 AUTO_INCREMENT=16 ;

--
-- Dumping data for table `slot`
--

INSERT INTO `slot` (`slotid`, `slotorder`, `slotname`, `slotwhat`, `slotwhy`) VALUES
(1, 11, 'Realicé actividad física', 'Si se practica actividad física en la vida diaria se puede mejorar, de manera significativa, la calidad de vida.', 'Los beneficios de hacer actividad física, 30 minutos al día o más, influye en todos los aspectos de la vida: posees mayor energía, disminuyes el riesgo de enfermarte, elevas tu estado de ánimo, manejas mejor el estrés, duermes mejor y reduces el peligro de muerte prematura casi a la mitad.'),
(2, 12, 'Hoy tomé agua', 'Para mantener una hidratación adecuada, debes beber líquidos constantemente, aunque no tengas sed.', 'El agua es un componente indispensable en los tejidos corporales. Es esencial para los procesos fisiológicos de la digestión, absorción y eliminación de desechos metabólicos. Actúa como medio de transporte de nutrimentos y sustancias corporales.'),
(3, 13, 'Comí verduras', 'El consumo de verduras es fundamental, no solo para prevenir enfermedades, sino para tener una adecuada calidad de vida y lograr ocupar nuestro máximo potencial en las tareas de la vida cotidiana. ', 'Las verduras ofrecen una amplia gama de sabores, texturas y colores. Entre sus funciones están el ayudar a disminuir el colesterol, regular la glucosa en la sangre, mantener el tracto digestivo saludable y evitar el estreñimiento, así como enfermedades infecciosas. '),
(4, 14, 'Visité a mi médico', 'Primero debemos conocer nuestra situación antes del cambio para saber qué hábitos debemos reforzar, por qué son adecuados y cuáles debemos agregar a nuestra vida. ', 'Fomenta en la población buenos hábitos físicos, de alimentación y emocionales y una vida saludable. Ayuda a identificar y actuar sobre las conductas de riesgo como: no realizar actividad física, ejercer o sufrir violencia intrafamiliar, estrés laboral, fumar, consumir bebidas alcohólicas y/o drogas, comer en exceso, consumir bebidas azucaradas, conducir agresivamente, sexualidad no responsable, entre otras.'),
(5, 15, 'Conviví con mi familia', 'La motivación para lograr el cambio y la perseverancia para seguir los 5 pasos tienen una estrecha relación con el entorno familiar y de amistades, ya que estos factores pueden incidir de una manera decisiva en la voluntad individual.', 'El entorno familiar inmediato (padre, madre, hermanos y hermanas) constituye una <strong>fuerte influencia sobre los hábitos y conductas saludables</strong> en la persona, ya que son modelos a seguir. Compartir crea mejores lazos afectivos en familia. '),
(6, 1, 'Hoy desayuné', 'Mucha gente no desayuna “porque no siente hambre”.  Sin embargo, esto puede deberse a un hábito arraigado de no hacerlo.  De hecho, si eres de estas personas y comienzas a desayunar a los pocos días te darás cuenta de que vuelves a sentir hambre al levantarte.', 'Al desayunar proporcionas la energía que requiere tu cuerpo para sus actividades matutinas. Favoreces tu atención, concentración y por lo mismo, tu rendimiento escolar y/o laboral.'),
(7, 2, 'Hoy no vi TV cuando comí', 'No veas televisión mientras comes (y viceversa, no comas mientras ves televisión). Invierte el mismo tiempo para ejercitarte, como el que dedicas a ver televisión.', 'Los estudios muestran que ver televisión contribuye en cierta forma con el aumento de peso ya que no te mueves y tienes mayor probabilidad de comer inconscientemente debido a que tu cerebro está haciendo muchas actividades al mismo tiempo. '),
(8, 3, 'Evité comer azúcar', 'La principal fuente de azúcares añadidos son los refrescos y bebidas industrializadas. Otras fuentes importantes comprenden caramelos, pasteles, galletitas, bebidas de frutas y postres elaborados con productos lácteos, como el helado.', 'El azúcar no necesariamente es malo, pero la mayoría de los azúcares proporcionan poco valor nutritivo. Las fuentes naturales del azúcar son, en general, ligeramente mejores para ti que los alimentos con gran cantidad agregada de azúcar refinada.'),
(9, 4, 'Logré bajarle a las grasas', 'Varía  tu consumo de carne roja, aves y pescados durante la semana. Elige pescados de 3 a 4 veces, aves de 2 a 3 veces y carne roja consúmela 1 o 2 veces por semana.', 'Los cortes de carne o  aves con piel tienen una cierta cantidad de grasa y colesterol que pueden ser perjudiciales para la salud. Si no te gustan los productos de origen animal, la combinación adecuada de leguminosas con cereales te dará el aporte de proteína necesario en tu día.'),
(10, 5, 'Hoy dejé la botana', 'Si la comparamos con otros alimentos suele ser barata y práctica.  A muchos nos encanta por su sabor y esto es debido a que contiene un alto contenido de grasa, azúcar y sal. ', 'Todos necesitamos un poco de grasa, azúcar y sal, pero en cantidades excesivas se consideran perjudiciales para la salud. '),
(11, 6, 'Registré lo que comí', 'Lleva un registro de todo lo que comas y bebas durante el día, incluidas las cantidades y  tipos de comida. ', 'Llevar un registro te permite saber con exactitud qué y cuánto comes. También te permite identificar patrones problemáticos en tus conductas alimenticias. '),
(12, 7, 'Hoy comí fibra', ' Los granos son las semillas de las plantas. Cuando se dejan enteros, incluyen ingredientes  que contienen nutrientes benéficos que necesita tu cuerpo. ', 'Los granos enteros son parte importante de una dieta saludable porque contienen relativamente poca grasa y alto contenido de fibra, que ayuda a tener una mayor sensación de saciedad, por lo tanto, comes menos porque tu hambre se satisface más pronto.'),
(13, 8, 'Elegí grasas buenas', 'Incluye en tu alimentación más grasas monoinsaturadas y poliinsaturadas saludables y alimentos que contienen ácidos grasos omega 3 como el pescado.', 'Los estudios de las últimas dos décadas han confirmado que las personas que reemplazan gran parte de la grasa animal en sus alimentos por aceites vegetales líquidos tienen probabilidad de disminuir sus niveles de colesterol y reducir el riesgo de enfermedad cardiovascular.'),
(14, 9, 'Evité los alimentos procesados', 'Consume alimentos en su estado natural y limita o evita los productos procesados, como muchas comidas ya preparadas o enlatadas.', 'Los alimentos se procesan para que sean más seguros, con mayor disponibilidad  y de uso conveniente, pero el proceso puede añadirles grasa, azúcar y sal. La comida rápida con frecuencia está llena de este tipo de elementos.'),
(15, 10, 'Hoy no comí en la calle', 'No comas fuera, pero si lo haces, asegúrate de ordenar comidas y bebidas saludables.', 'Comer fuera está asociado con el aumento de peso, ya que los platillos que sirven suelen ser de raciones muy grandes, lo que da por resultado un consumo excesivo de calorías.');

-- --------------------------------------------------------

--
-- Table structure for table `tip`
--

CREATE TABLE IF NOT EXISTS `tip` (
  `tipid` int(11) NOT NULL AUTO_INCREMENT,
  `tipactivityid` int(11) NOT NULL,
  `tipdescription` mediumtext NOT NULL,
  PRIMARY KEY (`tipid`)
) ENGINE=MyISAM  DEFAULT CHARSET=utf8 AUTO_INCREMENT=446 ;

--
-- Dumping data for table `tip`
--

INSERT INTO `tip` (`tipid`, `tipactivityid`, `tipdescription`) VALUES
(1, 1, 'Si usas transporte público, baja unas cuadras antes y camina el resto del camino hacia tu trabajo.'),
(2, 1, ' Usa las escaleras en tu trabajo o si vives un edificio; evita el elevador. '),
(3, 1, ' Camina 10 minutos durante tu hora de comida.'),
(4, 2, 'Levántate 30 minutos más temprano de lo normal y emplea ese tiempo para usar la caminadora o dar una caminata por tu colonia. '),
(5, 2, ' Lleva a caminar a tu perro todos los días. Si no tienes perro ofrécete a pasear al del vecino. '),
(6, 2, ' Lleva a caminar a tu familia, jueguen a atrapar algu?n objeto o paseen en bicicleta.'),
(7, 3, 'Emplea tu bicicleta estacionaria o haz tu rutina de estiramiento mientras ves la televisio?n. '),
(8, 3, ' Si es necesario lleva tu ropa de ejercicio al trabajo o a la escuela, asi? no tendra?s que pasar a tu casa para buscarla y evitas quedarte alli?. '),
(9, 3, 'Recuerda realizar un precalentamiento y estiramientos cuando termines de realizar actividad física para evitar lesiones.'),
(10, 4, 'Comienza a beber un vaso de agua simple en el desayuno, comida y cena.\n'),
(11, 4, ' Si no cuentas con fácil acceso al agua potable sigue esta recomendación: pon cuatro gotas de cloro por cada litro de agua que hiervas.'),
(12, 5, 'Compra una botella de agua que puedas reusar y llévala tanto a la escuela como al trabajo. De modo que siempre esté disponible. '),
(13, 5, ' Evita comprar bebidas azucaradas, mejor toma agua.'),
(14, 6, 'Ten disponible agua simple cuando tengas reuniones.\n'),
(15, 6, ' Toma agua cada vez que te sientas ansioso o estresado.'),
(16, 7, 'Agrega alguna de tus frutas favoritas al cereal o yogur en el desayuno.\n'),
(17, 7, ' Come una fruta cuando sientas hambre en el trabajo.\n'),
(18, 7, ' Utiliza la fruta fresca como postre.'),
(19, 8, 'Incluye una ensalada pequeña en dos de los tiempos de alimentación principales del día.\n'),
(20, 8, 'Incluye verduras con una porción de pollo, mariscos o carne a tu comida principal.\n'),
(21, 8, ' Come primero las verduras de tu platillo y después sigue con los demás alimentos.'),
(22, 9, 'Inicia cada uno de tus tres principales tiempos de alimentacio?n con un pequen?o plato de verduras. '),
(23, 9, ' Acompaña tus sándwiches con verduras, como jitomate, lechuga, cebolla, pimientos y pepinos. '),
(24, 9, ' Come verduras crudas o crujientes para preservar todos sus nutrimentos y su fibra. como zanahorias, jitomates, lechuga, pepino y bro?coli.'),
(25, 10, 'Acude a la Unidad de Salud más cercana para obtener la Cartilla Nacional de Salud.\n'),
(26, 10, ' Mide cada mes tu circunferencia de cintura a la altura de tu ombligo. Las mujeres deben tener una medida igual o menor a 80 cm y los hombres igual o menor a 90 cm.\n'),
(27, 10, ' Percibe si tienes dificultad para concentrarte o realizar tus actividades cotidianas.'),
(28, 11, 'Piensa y observa cómo te sientes por las mañanas y durante todo el día.\n'),
(29, 11, ' Identifica si estás triste, irritado, estresado o enojado la mayor parte del día.\n'),
(30, 11, ' Registra si tienes insomnio o exceso de sueño durante la semana.'),
(31, 12, 'Observa qué piensas y sientes cuando estás perdiendo el control sobre la necesidad de consumir alcohol o tabaco. '),
(32, 12, ' Consulta a un especialista si tienes algún problema como pensamientos negativos o estés viviendo situaciones de estrés.\n'),
(33, 12, ' Observa y monitorea tus conductas, pensamientos y sentimientos diariamente.'),
(34, 13, 'Pregunta por cómo les fue en su día a tu cónyuge e hijos.\n'),
(35, 13, ' Mandales un mensaje a su celular diciéndoles lo mucho que los quieres.'),
(36, 14, 'Convive con tus amigos y familiares e incluye siempre el consumo de verduras y frutas a la hora de la comida o en las colaciones.\n'),
(37, 14, ' Promueve la convivencia familiar en al menos uno de los tiempos de alimentación, ya que fortalece la unión familiar y además hace un cambio en los hábitos.'),
(38, 15, 'Organiza actividades recreativas o deportivas en las que convivan los niños y adolescentes con sus amigos, vecinos y familiares.\n'),
(39, 15, ' Involúcrate en las actividades que realicen tus amigos o familiares.'),
(40, 16, 'Planea tu desayuno desde la noche anterior.\n'),
(41, 16, ' Despiértate unos 10-15 minutos antes para que cuentes con el tiempo necesario para realizarlo.'),
(42, 17, 'Busca opciones fáciles de preparación que no te lleven mucho tiempo los primeros días. Ejemplo: cereal con leche y plátano.\n'),
(43, 17, 'Desayuna aunque no tengas hambre, con el tiempo desarrollarás el hábito e irás sintiendo hambre por las mañanas.'),
(44, 18, 'Elecciones inteligentes para desayunar incluyen granos integrales, lácteos de bajo contenido de grasa, y frutas.\n  '),
(45, 18, 'Escoge un cereal que contenga de 3 a 5 g de fibra y asegúrate de que el azúcar no aparezca como uno de los tres primeros ingredientes.'),
(46, 19, 'Pega una nota en la televisión o computadora que te recuerde no comer mientras las usas.\n'),
(47, 19, ' Cambia de lugar la televisión de modo que no sea el centro de la habitación o sala.'),
(48, 20, 'Usa un registro para anotar el tiempo que pasas frente al televisor y dedica el mismo tiempo para ejercitarte.\n'),
(49, 20, ' Evita la televisión por completo y sal a caminar, andar en bicicleta o correr.'),
(50, 21, 'Ve la televisión en un sólo sitio de la casa. Desconecta o retira todos los demás aparatos.\n'),
(51, 21, ' Arma una rutina con diferentes ejercicios que dure lo mismo que tu programa favorito.'),
(52, 22, 'Mídete en el consumo de bebidas y alimentos que tienen azúcares simples agregadas. '),
(53, 22, ' Consume fruta fresca, sin ponerle azúcar y ni excedas de 5 porciones al día.'),
(54, 23, 'Ten siempre a la mano aguan natural y verduras frescas para colaciones. Utiliza pepino, jitomate o lechuga que son alimentos con pocas calorías y muy frescos.\n'),
(55, 23, 'En lugar de azúcar, añade fruta fresca a tu cereal matutino, tu pan tostado, hot cakes o a tu yogur. También puedes ayudarte de algún sustituto de azúcar como splenda. Si sales a comer fuera de casa no pidas un refresco, en lugar de ello pide agua de frutas o agua natural.'),
(56, 24, 'Prueba cereales de granos enteros e integrales '),
(57, 24, 'Usa condimentos y especies para mejorar el sabor (ajo, comino, pimienta, canela, romero, etc.) de tus alimentos.\n'),
(58, 24, ' Usa tu creatividad y prueba tus aptitudes culinarias. Elabora tus propios postres, utilizando sustitutos de azúcar.'),
(59, 25, 'Usa productos lácteos descremados o semidescremados.\n'),
(60, 25, ' Consume quesos frescos como el panela, cottage o requesón.'),
(61, 26, 'Procura comprar cortes de carne con poca grasa.\n'),
(62, 26, ' Evita consumir la piel del pollo.\n'),
(63, 26, ' Consume caldos de pollo o res desgrasados.'),
(64, 27, 'Sustituye la carne roja con pescado horneado o a la parrilla.\n'),
(65, 27, 'Acompaña siempre tu platillo con una abundante ensalada.'),
(66, 27, 'Las leguminosas son excelentes alternativas para obtener proteínas. Una ración de media taza de frijoles, chícharos o lentejas cocidos, equivalen más o menos a una ración de 60 gramos de carne, aves o pescado. '),
(67, 28, 'Si vas a consumir comida chatarra, elige la presentación más pequeña.\n'),
(68, 28, ' Para ajustarte a la frecuencia recomendada evita llevar dinero con lo que puedes adquirirla los otros días.'),
(69, 29, 'Si acudieras a una reunión donde habrá mayor disponibilidad de comida chatarra como botana, no olvides realizar una colación suficiente y saludable previamente.\n'),
(70, 29, ' Puedes llevar a la reunión una opción de botana como: pepino, zanahoria y jícama con limón y chilito.'),
(71, 30, 'Cuando llegues a consumirla como colación, acompáñala de una verdura.\n'),
(72, 30, ' Cuando sientas ansias de comer este tipo de alimentos, distráete hablándole a un amigo o saliendo a caminar.'),
(73, 31, 'Anota todas las bebidas que consumas, incluidos sus tipos (agua, leche, jugo) y la cantidad que tomaste.\n'),
(74, 31, ' Utiliza un cuaderno para anotar todo lo que comes o en una hoja de Excel en la computadora.'),
(75, 32, 'Para medir las porciones que comes utiliza lo siguiente: para las verduras o frutas anota el tamaño. Para la pasta, el arroz y bebidas, indica el número de tazas o cucharadas.\n'),
(76, 32, ' Anota también las colaciones o entre comidas que realices.'),
(77, 33, 'Fríe, asa u hornea tus alimentos.\n'),
(78, 33, ' Lleva tu registro en todo momento, de manera que puedas anotar de inmediato lo que comiste y no tengas que tratar de recordarlo después.'),
(79, 34, 'Come más granos enteros o sus productos. Experimenta con arroz y cebada integrales y con pasta de trigo entero.\n'),
(80, 34, ' Consume más frijoles, chícharos y lentejas.'),
(81, 35, 'Haz que los bocadillos cuenten. Las palomitas de maíz y las galletas de granos enteros son buenas fuentes de fibra.\n'),
(82, 35, ' Sustituye la harina de trigo por harina de trigo integral cuando hagas pan.'),
(83, 36, 'Cuando vayas de compras elige alimentos que contengan fibra.\n'),
(84, 36, ' Come cereal integral, como avena o cereal de salvado, en el desayuno o prueba un pan tostado integral en lugar de pan blanco.'),
(85, 37, 'Retira la grasa visible de la carne y quita la piel de las aves antes de cocinarlas.\n'),
(86, 37, ' Usa aceite en aerosol para cocinar que no se pegue en tus utensilios de cocina. Cuando necesites aceite, escoge aceite de oliva.'),
(87, 38, 'Refuerza el sabor del alimento sin agregar grasa usando hierbas y especias.\n@ Usa vinagre balsámico, limón, mostaza aceite de oliva en las ensaladas en lugar de aderezos o elige aquellos con bajo contenido de grasa.'),
(88, 39, 'Elige productos lácteos bajos en grasas.'),
(89, 39, ' Cocina el pescado en una envoltura apropiada o papel aluminio para sellar los sabores y jugos.\n'),
(90, 39, 'Utiliza técnicas culinarias como asado, tostado o al vapor para cocinar tus\nalimentos.'),
(91, 40, 'Planea con anticipación lo que comes de manera que tengas a la mano todos los ingredientes que necesitarás.\n'),
(92, 40, ' Comienza por planear tus menús con verduras y frutas frescas. Luego, añade granos enteros como arroz y pastas de granos.'),
(93, 41, 'Si compras alimentos procesados lee la información nutrimental y elige la de menos calorías.\n'),
(94, 41, ' Cundo vayas al supermercado elige las frutas y verduras que estén empacadas en lugar de procesadas.'),
(95, 42, 'Cuando comas carne fíjate que la porción no rebase el tamaño de tu mano. Evita añadirle grasa.\n'),
(96, 42, ' Congela las frutas y verduras para conservar sus nutrimentos.'),
(97, 43, 'Si el tiempo es un problema, encuentra recetas para preparar comidas caseras rápidas, fáciles y sanas.\n'),
(98, 43, ' Mantén a mano ingredientes básicos para preparar platillos en casa. Por ejemplo, mezcla arroz, frijoles y especies.\n'),
(99, 43, ' Si comes fuera trata de escoger las opciones más saludables como ensaladas, pescados o alimentos que no estén fritos, empanizados o capeados.'),
(100, 44, 'Si pides una entrada, cuando comas fuera, que sea de verduras, frutas o pescado.\n'),
(101, 44, ' Cuando estés en un restaurante come despacio, y tan pronto como comiences a sentirte lleno, pide que te pongan el resto para llevar.'),
(102, 45, 'Sáltate el postre. Si es imposible resistirte, come gelatina sin azúcar o fruta fresca.\n'),
(103, 45, 'Identifica los restaurantes que se especializan en comidas sanas. Si viajas, pide a los meseros del hotel que te hagan sugerencias saludables.'),
(104, 1, 'Camina o ve en bicicleta a la tienda de la esquina.'),
(105, 1, 'Estaciona el automóvil al final del centro comercial, lo más lejos del área donde vas a realizar tus compras.'),
(106, 1, 'Aspira las alfombras y los muebles.'),
(107, 1, 'Esconde el control remoto de la TV y párate a cambiarle de canal.'),
(108, 1, 'Utiliza un teléfono inalámbrico y camina mientras haces tus llamadas.'),
(109, 1, 'Lleva a la familia a caminar por tu colonia después de cenar.'),
(110, 1, 'Disfruten la naturaleza en un paseo por un parque cercano o una reserva ecológica.'),
(111, 2, 'Lleva a caminar a tu familia, jueguen a atrapar algún objeto o paseen en bicicleta.'),
(112, 2, 'Juega con tus niños en el parque.'),
(113, 2, 'Haz ejercicio mientras ves la televisión.'),
(114, 2, 'Lava las ventanas de tu casa.'),
(115, 2, 'Haz que toda tu familia participe en un juego de atrapar la pelota. Usa un balón de futbol, beisbol, softball o un disco.'),
(116, 2, 'Pon música y organiza con tu familia tu propio concurso de baile.'),
(117, 2, 'Realiza un viaje familiar al zoológico y asegúrate de que caminen y visiten a todos los animales.'),
(118, 2, 'Participa en algunos de los juegos favoritos de tus hijos como “Simón dice”, “Alto o siga”, “Encantados” o “Gallo, gallina”.'),
(119, 3, 'Compra un medidor de distancias y camina por lo menos 10 000 pasos al día.'),
(120, 3, 'Elije ejercicios que disfrutes para tener un mayor éxito.'),
(121, 3, 'Comienza despacio. El solo hecho de que puedas usar la máquina de caminata por 30 minutos no significa que de inmediato serás capaz de correr 30 minutos.'),
(122, 3, 'Comienza y termina todas las sesiones de ejercicios con rutinas de estiramiento para calentar y enfriar.'),
(123, 3, 'Antes de pagar una membresía para un club o comprar un aparato para ejercitarte, estúdialo a conciencia.'),
(124, 3, 'Registra el tipo y duración de tus ejercicios en una tabla de entrenamiento.'),
(125, 3, 'Mucha gente deja de ejercitarse por aburrimiento. Para mantenerte interesado, varía tus actividades.'),
(126, 4, 'No esperes a estar sediento para tomar agua.'),
(127, 4, 'Lleva siempre contigo una botella de agua.'),
(128, 4, 'Evita los refrescos y el café.'),
(129, 4, 'Cuando tengas calor, bebe agua.'),
(130, 4, 'Ponte horarios aproximados: tal como si fuera tu medicina, puedes usar horas típicas del día para proponerte tomar un vaso de agua.'),
(131, 4, 'Al levantarte, bebe un gran vaso de agua.'),
(132, 4, 'Si te quieres desintoxicar, entibia el agua y ponle unas gotas de limón.'),
(133, 4, 'La próxima vez que vayas a atacar la bolsa de papas fritas, toma agua y espera a ver si pasa el antojo.'),
(134, 5, 'Toma agua antes, durante y después de ejercitarte.'),
(135, 5, 'Empieza y termina tu día con un vaso de agua.'),
(136, 5, 'Toma agua cuando termines de consumir tus alimentos.'),
(137, 5, 'Si no te gusta lo insípido del agua, ponle unas gotitas de limón.'),
(138, 5, 'Mientras trabajas: intenta reemplazar una de las tazas de café que ingieres por un vaso de agua fresca.'),
(139, 5, 'Considera la posibilidad de tomar un vaso de agua en lugar de una segunda taza de café por la mañana.'),
(140, 5, 'Los alimentos tales como la sandía, naranjas y tomates contienen hasta 90% agua, al igual que las sopas, café o jugo que también contribuyen a cubrir tus necesidades de agua.'),
(141, 5, 'Lleva contigo cuatro botellitas de agua de 500 mL, de esta forma, sin darte cuenta, durante el día podrás beber los 2 litros de agua de forma sencilla.'),
(142, 6, 'Motiva a tu familia a que tomen agua en lugar de otro tipo de bebidas.'),
(143, 6, 'Si tienes hijos coloca una botella de agua en sus loncheras.'),
(144, 6, 'Antes de la comida bebe uno o dos vasos con agua, para limpiar tu cuerpo y evitar que comas en exceso.'),
(145, 6, 'Trata de configurar alarmas o recordatorios en tu Smartphone o computadora que te hagan tomar agua.'),
(146, 6, 'Alterna entre bebidas alcohólicas y agua en las fiestas, bares, o comidas.'),
(147, 6, 'Bebe té sin azúcar. Los tés de hierbas o frutas son esencialmente agua, con sabores artificiales sin calorías.'),
(148, 6, 'El agua mineral puede darte una opción libre de calorías, sin endulcorante y con todos los beneficios del agua normal.'),
(149, 6, 'Si te da flojera cargar con una botella en la bolsa, ten una en cada lugar: en la oficina, en la casa, en el auto, etcétera.'),
(150, 7, 'Toma un vaso de jugo de naranja o de otra fruta 100% natural.'),
(151, 7, 'Disfruta un plato de sopa de verduras.'),
(152, 7, 'Cena yogur natural con fruta y algo de granola.'),
(153, 7, 'Come una verdura como pepino, jitomate o zanahoria como colación entre el desayuno y la comida.'),
(154, 7, 'Toma agua de frutas en la comida, en lugar de refresco.'),
(155, 7, 'Agrega una o dos verduras a tu guisado del día.'),
(156, 7, 'Agrega verdura (calabaza, jitomate, chayote, champiñones) a tu huevo del desayuno.'),
(157, 8, 'Añade verduras frescas o congeladas a tu platillo favorito.'),
(158, 8, 'Añade verduras frescas rayadas como complemento en tus recetas.'),
(159, 8, 'Bebe jugo de verduras o jitomate.'),
(160, 8, 'A la sopa de pasta aguada agrégale dos verduras picadas.'),
(161, 8, 'Prepara espagueti con dos verduras (champiñones, pimiento, zanahoria, calabaza).'),
(162, 8, 'Prepara una ensalada fresca para la cena. Si aún tienes apetito agrega algo de queso bajo en grasa.'),
(163, 8, 'Toma una colación de fruta entre el desayuno y la comida y una colación de verdura entre la comida y la cena.'),
(164, 9, 'Convierte la ensalada en tu comida. Agrega verduras o fruta. Sin embargo, no exageres con los aderezos grasosos.'),
(165, 9, 'Selecciona frutas previamente envasadas sin azúcar adicional.'),
(166, 9, 'En tus reuniones, en lugar de ofrecer frituras como botana ofrece fruta y verdura picada.'),
(167, 9, 'Cambia el pan dulce por una pieza de fruta en la mañana y otra pieza en la noche.'),
(168, 9, 'Pon al menos tres verduras al vapor y a ellas agrégales un poco de pollo deshebrado, trozos de carne o atún y come eso como guisado.'),
(169, 9, 'Haz una ensalada mixta para la comida: verdura fresca (lechuga, espinaca, jitomate) con verdura cocida en juliana (zanahoria, calabaza, chayote).'),
(170, 9, 'Prepara comida completamente vegetariana el fin de semana.'),
(171, 10, 'Piensa en los antecedentes familiares que tienes de enfermedades crónicas como diabetes, hipertensión, infartos, etc.'),
(172, 10, 'Pésate y mídete en una de las básculas que hay en las plazas comerciales o en los supermercados, tal vez descubras que tienes peso bajo o sobrepeso.'),
(173, 10, 'Revisa tu dentadura en busca de una caries visible o datos de inflamación de tus encías.'),
(174, 10, 'Intenta leer letras pequeñas en textos que puedas tener a la mano, o en espectaculares en la calle, para que verifiques si aún tienes una buena visión cercana y lejana.'),
(175, 10, 'Revisa cómo son tus movimientos en cada actividad diaria, para identificar si tienes problemas articulares o musculares.'),
(176, 10, 'Haz cuenta de qué tan bueno es tu sueño por las noches y si amaneces descansado.'),
(177, 10, 'Tómate unos minutos para hacer un registro de qué molestias físicas has tenido en los últimos meses y anótalas para que cuando hagas tu cita sepas qué decir y preguntar a tu médico.'),
(178, 11, 'Al momento de levantarte trata de identificar si te cuesta trabajo levantarte e iniciar actividades o si lo haces de manera espontánea y sin esfuerzo alguno.'),
(179, 11, 'Intenta movilizar tus músculos, tal vez encuentres que alguno de ellos, ya sea en el cuello, la espalda, los brazos o las piernas, te moleste al hacer algún movimiento.'),
(180, 11, 'Cuando estás en el trabajo identifica cómo te estás llevando con tus compañeros, tal vez identifiques que presentas algo de estrés.'),
(181, 11, 'Si el médico, en tu primera cita, te solicita algunos exámenes practícatelos lo más pronto que te sea posible y llévaselos. Además haz un registro en el que anotes qué exámenes te pidió, con qué objetivo y cuáles fueron sus comentarios.'),
(182, 11, 'Si en tu cita al médico te indicaron algún medicamento, realiza un calendario de medicamentos, tal vez en unos años recordar este dato te ayudará.'),
(183, 11, 'Obsérvate en todos los aspectos: qué estás comiendo, en qué horarios, cómo son tus evacuaciones y las características de tu orina. Esos datos pueden serle de utilidad a tu doctor.'),
(184, 11, 'Pregunta a tus familiares más cercanos si han notado alguna cosa extraña en los últimos días, tal vez ellos te puedan dar información de utilidad para tu doctor.'),
(185, 12, 'Si alguien de tu familia presenta alguna enfermedad crónica importante, quizá estés en riesgo de tenerla tú también. Anota qué enfermedades puedes heredar de tus padres o abuelos.'),
(186, 12, 'Realiza un árbol genealógico de las enfermedades más comunes en la familia. Si no tienes contacto con algunos de ellos, es una buena oportunidad para reiniciar relaciones familiares.'),
(187, 12, 'Si tu médico de primer contacto te ha recomendado visitar uno o varios especialistas por algún padecimiento particular, haz un registro de qué especialidad visitarás y qué te dijo el médico, incluyendo los medicamentos que te indicó.'),
(188, 12, 'Realiza tu propia historia clínica en tu computadora. Tal vez te sea útil considerar los siguientes puntos: antecedentes familiares de enfermedad, antecedentes personales de enfermedad, alimentación y ejercicio, medicamentos que has tomado, alergias, tipo de sangre y un calendario de citas y exámenes.'),
(189, 12, 'Anota en un calendario de pared o de escritorio en casa y en el trabajo las fechas de tus citas médicas.'),
(190, 12, 'Pon en tu celular las alarmas de los horarios en los que te tocan los medicamentos.'),
(191, 12, 'Registra las recomendaciones, a parte de los medicamentos, que el especialista te indicó y lleva un record de qué tan bien lo estás cumpliendo. Dichas recomendaciones pueden ser: alimentación especial, ejercicio, horarios de sueño y reposo, entre otras.'),
(192, 13, 'Toma unos minutos para enviarles un correo electrónico a tus padres, hermanos, amigos o hijos de vez en vez.'),
(193, 13, 'Recuerda y registra los cumpleaños de tus familiares y amigos más cercanos y hazles una llamada breve en esa fecha tan importante.'),
(194, 13, 'Crea un grupo familiar en tu cuenta de facebook. Así estarás en contacto con ellos más fácilmente.'),
(195, 13, 'Elijan entre todos los miembros de la familia un libro y dos veces a la semana siéntense todos a leerlo y comentarlo.'),
(196, 13, 'Busquen una película que puedan ver todos los miembros de la familia y que les deje un mensaje de valores a todos y siéntense el domingo a disfrutarla en familia. Aprovechen para preparar una botana saludable.'),
(197, 13, 'Escucha a los más pequeños de la familia. Muchas veces creemos que sus comentarios no son importantes, pero en la medida en que les demos confianza para hablar e interactuar les daremos las armas para que se acerquen a nosotros  cuando realmente lo necesiten.'),
(198, 13, 'Acércate a tus abuelos y a los adultos mayores de la familia. Ellos tienen consejos e historias muy importantes qué compartir.'),
(199, 13, 'Busca “pretextos” divertidos para reunirte con tus familiares. Podrían inventar fechas exclusivas de ustedes como: el día de la familia “x” o el “día de los niños menores de 5 años” o el “día de los mayores de 20”. Cualquier motivo es una oportunidad para convivir. '),
(200, 14, 'Tal vez te sea más fácil desayunar con tus hijos. Organicen el desayuno de toda la semana el domingo por la tarde, para que cada uno tenga una tarea específica, así fomentarán el trabajo en equipo y la convivencia.'),
(201, 14, 'Cenen juntos al menos una vez a la semana. Los viernes son una buena opción, ya que al día siguiente los niños no se levantarán temprano a la escuela. '),
(202, 14, 'Organiza una cena “tema” cada vez que sea posible, así podrían estudiar alguna cultura en particular y probar diferentes sabores, pero siempre cuidando mantener una alimentación saludable.'),
(203, 14, 'Organiza un día de campo con tus vecinos. Podría ser incluso en el patio de la casa, así los adultos se conocerán un poco más y los niños se divertirán. Es bueno formar redes de apoyo cercanas.'),
(204, 14, 'Si no tienes tiempo de hacer algún alimento con tus hijos entre semana, siéntate con ellos el fin de semana para comentar acerca de lo que comerán en la semana. De esta manera les ayudarás a identificar cuáles son los alimentos más saludables y los invitarás a cooperar en la preparación de los mismos.'),
(205, 14, 'Si tienes un poco más de oportunidad de convivir con los niños en casa, pide que te ayuden a preparar la comida o la cena. Involúcralos en que laven o limpien las verduras. Intenta combinar colores, texturas y sabores en los alimentos.'),
(206, 14, 'Elija cada miembro de la familia una tarea a la hora de las comidas. Uno puede encargarse de poner la mesa, otro de levantarla y otro de servir los alimentos. Intenten estar todos juntos en todo el proceso, para que mientras se organizan platiquen.'),
(207, 14, 'Si tienes algún amigo o vecino muy cercano invítalo a tomar un café para que te distraigas un poco. Compartir cosas es sano para mantener la salud mental.'),
(208, 15, 'Fomenta la convivencia de tus hijos con sus compañeros de la escuela. Podrías organizar un día de campo un domingo con todos los chicos del salón de tus hijos.'),
(209, 15, 'Organiza una cena en tu casa con tus compañeros más cercanos de trabajo, para que convivas con sus familias.'),
(210, 15, 'Realiza una reunión de familiares a los que no has visto en mucho tiempo. Que cada quién lleve alguna cosa para que el gasto no sea pesado para ti.'),
(211, 15, 'Planea una olimpiada familiar, para que durante un fin de semana varias familias se reúnan a hacer deporte.'),
(212, 15, 'Organiza una fiesta de disfraces con tus amigos de la universidad. Será divertido reencontrarse después de algunos años y descubrir quién está detrás del disfraz.'),
(213, 15, 'Haz un concurso de “baile” con tus familiares y amigos. Podrían hacer varias categorías: los más pequeños, adolescentes, adultos y adultos mayores. Todos conocerán la música de cada generación y se divertirán.'),
(214, 15, 'Festejen las fechas importantes en grande: día del niño, día del padre, día de la madre, día del abuelo, día de la familia. Pongan una tarea a cada quién, para que todos se involucren.'),
(215, 15, 'Planea algún obsequio económico pero significativo para la gente que amas. Podría ser un calendario con una foto familiar o un portarretratos hecho con materiales reciclados. Haz que tus hijos te ayuden con sus manos y con su imaginación.'),
(216, 16, 'Haz las compras el fin de semana, para que tengas todo lo necesario para el desayuno todas las mañanas.'),
(217, 16, 'Realiza un calendario de alimentos semanales y pégalo en el refrigerador, así ahorrarás tiempo por las mañanas, ya tendrás el trabajo mental hecho.'),
(218, 16, 'Desayuna con tus hijos o con tu pareja, para que te sientas motivado a desayunar.'),
(219, 16, 'Si no estás habituado a desayunar y hacerlo te provoca náuseas o malestar abdominal intenta tomando media taza de café o té y media pieza de fruta.'),
(220, 16, 'Siempre incluye una fruta y un lácteo en tu desayuno.'),
(221, 16, 'Si te quedaste dormido y no tienes tiempo de desayunar en casa lleva una fruta y cómela en el camino o cuando llegues al trabajo.'),
(222, 16, 'Incluye un cereal en tus desayunos. Puede ser una rebanada de pan integral, una tortilla de maíz o cereal con leche.'),
(223, 16, 'No olvides que las proteínas también son importantes en el desayuno ya que éstas ayudan al mantenimiento de los músculos. Las proteínas las puedes encontrar en lácteos, pescado, pollo o carne.'),
(224, 17, 'Otra opción sencilla de desayuno puede ser un par de quesadillas con tortilla de maíz y queso panela. Agrega pico de gallo como verdura.'),
(225, 17, 'Puedes picar fruta para un par de días y guardarla en un recipiente con tapa en el refrigerador, así al sentarte a desayunar solo tomas un poco de esa fruta y le agregas leche o yogur y algo de cereal como granola o avena.'),
(226, 17, 'Prepararte un sándwich con verduras es una opción rápida y saludable. Puedes cortar y desinfectar las verduras una noche antes y mantenerlas en recipientes con tapa dentro del refrigerador.'),
(227, 17, 'Agrega una verdura como calabaza, champiñón o ejotes a un huevo revuelto por la mañana.'),
(228, 17, 'Toma una rebanada de pan integral y agrégale una cucharada de mermelada baja en azúcar y un poco de nuez picada.'),
(229, 17, 'Come un poco de papaya con cereal y miel.'),
(230, 17, 'Si vas de prisa tal vez te convenga preparar un rápido licuado con leche descremada, fresas y avena.'),
(231, 17, 'Puedes tener fruta o verdura congelada para tener opciones saludables a la mano por las mañanas.'),
(232, 18, 'Si no te apetece comer fruta en el desayuno y deseas algo más bien salado, puedes preparar una pequeña ensalada con verduras crudas y algo de queso.'),
(233, 18, 'Organiza tu desayuno en dos tiempos: el primero que incluya una porción de fruta y el segundo algo un poco más sustancioso que puede incluir algo de proteína y verduras.'),
(234, 18, 'Siéntate a desayunar con tus hijos y tu pareja. Intenten establecer un horario que a todos les convenga, aunque alguno tenga que levantarse un poco más temprano. Así convivirán y cooperarán en la preparación de los alimentos.'),
(235, 18, 'El día que hagan el súper siéntense todos unos minutos para anotar ideas acerca de qué prepararán de desayuno durante toda la semana. Así comprarán lo necesario y se involucrarán en opciones saludables para las mañanas.'),
(236, 18, 'Si un día te está ganando el sueño y estás pensando en omitir el desayuno, recuerda los beneficios que tiene para tu salud el desayunar y los daños que te puede provocar no hacerlo. Eso te motivará a levantarte.'),
(237, 18, 'Para lograr levantarte temprano a preparar el desayuno y tener el tiempo suficiente para comerlo acuéstate a una hora prudente para que no tengas pretexto de no levantarte a tiempo.'),
(238, 18, 'Aprovecha el momento de preparar el desayuno para al mismo tiempo preparar una colación saludable para ti y tus hijos, la cual se llevarán al trabajo y la escuela respectivamente.'),
(239, 18, 'Compra una variedad de frutas y verduras de colores y texturas diferentes para que todos los días tengas una opción atractiva en las mañanas. Recuerda incluir todos los días: fruta o verdura, cereal y proteína.'),
(240, 19, 'Evita tener televisión en la cocina o cerca del comedor.'),
(241, 19, 'No cenes en tu habitación o en la sala o donde tengas la televisión.'),
(242, 19, 'Toma unos minutos para comer y después ve un poco de televisión, si te apetece.'),
(243, 19, 'Cuando veas un partido de fútbol no prepares botanas.'),
(244, 19, 'Enciende el radio o pon música tranquila para la hora de la comida o la cena. Elija cada miembro de la familia un género musical por día.'),
(245, 19, 'Si el fin de semana ven una película en familia háganlo después de comer, para evitar la tentación de comer “algo” mientras ven la película.'),
(246, 19, 'Cuando te sientes frente a la computadora a trabajar o jugar, si es que tienes tentación de comer algo mejor ten un vaso con agua natural a la mano.'),
(247, 19, 'No saltes ninguna comida ni en el trabajo ni en los días libres, para que cuando estés frente a la computadora o frente a la televisión no tengas tentación de comer.'),
(248, 20, 'Cuando llegues a casa después del trabajo, en lugar de sentarte a ver televisión “para descansar”, ponte ropa más cómoda, descansa unos minutos y sal a caminar con tu familia.'),
(249, 20, 'Si hay algún programa que “no puedas perderte” levántate a hacer un poco de bicicleta fija, escaladora o caminadora cuando pasen los comerciales.'),
(250, 20, 'Levántate 15 minutos antes de la hora acostumbrada y realiza unos ejercicios de estiramiento, tal vez ejercicios de columna mientras ves el noticiero matutino.'),
(251, 20, 'Los fines de semana, mientras ves el fútbol o una película realiza algunas sentadillas o abdominales en el medio tiempo o en los comerciales. Involucra a toda la familia.'),
(252, 20, 'Ponte una condicionante para poder ver televisión: “para poder sentarte a ver tu programa debes caminar 20 minutos antes”.'),
(253, 20, 'Haz que tus hijos salgan a jugar pelota o bicicleta antes de ver su caricatura favorita.'),
(254, 20, 'Tu día de descanso, en lugar de levantarte más tarde viendo televisión levántate a dar una caminata de 30 minutos antes de preparar el desayuno.'),
(255, 20, 'Usa una liga de ejercicio o una pelota de ejercicio para moverte mientras ves televisión. '),
(256, 21, 'Si te es posible destina una habitación o espacio de tu casa como “gimnasio” y coloca la televisión ahí, de tal forma que cuando vayas a ver algún programa te motives a moverte.'),
(257, 21, 'Si tu programa diario dura una hora destina los 15 minutos iniciales a estiramiento, 30 minutos a ejercicio más vigoroso y los restantes 15 minutos a relajamiento, así tendrás una rutina completa mientras ves televisión.'),
(258, 21, 'Elije un tipo de ejercicio diferente para cada día de la semana mientras ves televisión, por ejemplo, los lunes ejercita tu columna, los martes usa mancuernas para ejercitar los brazos, los miércoles haz algo de ejercicio con las piernas y repite todas las actividades.'),
(259, 21, 'Cambia una hora de televisión por una hora de lectura. Eso te ayudará a ejercitar la mente.'),
(260, 21, 'Busca una actividad fuera de casa que puedas realizar con tu pareja o tus hijos, así dedicarás una hora más a ejercitarte y una hora menos a ver televisión.'),
(261, 21, 'Si ya dominas hacer ejercicio mientras ves los anuncios de televisión ahora invierte y ejercítate mientras está el programa y descansa durante los comerciales. Poco a poco ve haciendo que tu rutina dure todo el programa.'),
(262, 21, 'Levántate media hora antes de lo acostumbrado y realiza tu rutina favorita mientras ves el noticiero, así te ejercitas y te informas al mismo tiempo.'),
(263, 21, 'Acompaña a tus hijos a ver una caricatura mientras les enseñas cómo combinar la diversión con el ejercicio.'),
(264, 22, 'Endulza tu café o té de las mañanas con un poco menos de azúcar cada vez, así en unos días habrás disminuido mucho el consumo y tu paladar se habrá acostumbrado.'),
(265, 22, 'Come una pieza de fruta en lugar de una pieza de pan en el desayuno y la cena.'),
(266, 22, 'Si sientes ansiedad por comer algo dulce entre las comidas mastica un chicle sin azúcar y bebe un vaso con agua.'),
(267, 22, 'Si te apetece algo dulce después de cada comida consume una gelatina sin azúcar o una fruta como postre.'),
(268, 22, 'Cuando sientas la necesidad de comer un dulce en lugar de ello come algo saludable como una zanahoria o una jícama.'),
(269, 22, 'Compra dulces sin azúcar, así cuando tengas la tentación evitarás muchas calorías.'),
(270, 22, 'Identifica en qué momentos necesitas consumir algo dulce. Tal vez tu estado de ánimo o el estrés te estén llevando a buscar algo dulce.'),
(271, 22, 'Enseña a tus hijos, desde pequeños, a evitar los alimentos procesados y preferir los naturales.'),
(272, 23, 'Si no puedes evitar la tentación de beber algo “con sabor” prefiere un refresco sin azúcar.'),
(273, 23, 'Para las mañanas endulza tu café o té con un sustituto de azúcar o ve disminuyendo la cantidad de azúcar que agregas poco a poco hasta que te acostumbres.'),
(274, 23, 'Compra fruta con la que puedas preparar agua para la comida, así evitarás consumir refrescos. Hay muchas opciones: sandía, melón, mango, papaya, naranja, entre otras. Y no agregues azúcar o hazlo en una cantidad muy moderada.'),
(275, 23, 'Si tienes calor y se te antoja comer un helado pide uno de agua en lugar de uno de crema o leche.'),
(276, 23, 'Compra una “botella” atractiva que puedas llevar a todos lados para que tengas agua natural a la mano.'),
(277, 23, 'Cuando estés en el trabajo aprovecha esos momentos de “rellenar” tu botella de agua para estirarte un poco y volver a concentrarte en tus tareas.'),
(278, 23, 'Si tienes antojo de un “refresco” durante una tarde calurosa en lugar de ello prepárate un vaso de agua con un poco de limón y agrega hielo, para que te refresque sin que tengas que añadir azúcar. '),
(279, 0, ''),
(280, 24, 'En lugar de comer una galleta como “colación” come una verdura rallada o picada como zanahoria, jícama o jitomate con limón. '),
(281, 24, 'Si se te dificulta evitar el pan dulce en las cenas intercámbialo por una pieza de pan integral y agrega una ensalada a la cena.'),
(282, 24, 'Cuando tengas hambre entre comidas haz una elección sana como un vaso de yogur libre de grasa y una pieza de fruta.'),
(283, 24, 'Nunca hagas las compras del súper cuando tengas hambre, porque fácilmente caerás en la tentación de comprar golosinas y antojitos. Trata de comer primero y después ir por las compras. '),
(284, 24, 'Haz una lista semanal de qué alimentos prepararás para los desayunos, comidas y cenas de todos los días; incluye en la lista las colaciones, para que evites comprar una golosina cuando el hambre del “intermedio” te ataque.'),
(285, 24, 'Si tienes antojo de un pastelillo o una galleta come una fruta y agrega unas nueces, pasas o almendras, así tendrás un poco de dulce y un poco de grasas buenas para eliminar la tentación.'),
(286, 24, 'Si vas a una reunión en la que sabes que habrá muchas “tentaciones llenas de azúcar” come una fruta antes de salir de casa y lleva tu botella con agua para evitar consumir refrescos.'),
(287, 25, 'En lugar de una pieza de carne de res come un plato de alubias, frijoles o lentejas, pero no olvides la ensalada.'),
(288, 25, 'En lugar de una pieza de pan o un hot cake para desayunar prefiere un plato de papaya con yogur descremado y granola. Así tu estómago se llenará con una mejor calidad de alimento y sin exceso de grasa.'),
(289, 25, 'Evita la mermelada, cajeta o crema de avellana o cacahuate en tu pan matutino; en lugar de ello agrega una pieza de fruta fresca.'),
(290, 25, 'Incluye una ensalada fresca en la comida o en la cena. A ésta le puedes agregar chícharos o frijoles. '),
(291, 25, 'Si tu vida es agitada y no te da tiempo de lavar, pelar, cortar y hervir verduras, ten a la mano una bolsa de verduras congeladas. También son muy buenas como fuente de energía sin calorías.'),
(292, 25, 'Enjuaga las legumbres antes de cocinarlas. Si las remojas una noche antes disminuirás la probabilidad de que te generen distención abdominal y flatulencias. Los chícharos no necesitan remojarse. '),
(293, 25, 'La soya es una buena opción para sustituir la carne. Hay muchas recetas atractivas para preparar.'),
(294, 25, 'Puedes desayunar un poco de frijoles con queso bajo en grasa para agregar fibra y proteína a tu desayuno.'),
(295, 26, 'Usa rociadores para el sartén en lugar de aceite.'),
(296, 26, 'Si debes o deseas agregar aceite a alguno de tus platillos procura que no sea más de una cucharadita y prefiere el aceite de oliva.'),
(297, 26, 'Evita consumir margarina o mantequilla. Recuerda que las grasas sólidas son las más perjudiciales para la salud.'),
(298, 26, 'No consumas alimentos capeados o empanizados, éstos absorben mucha grasa durante su preparación.'),
(299, 26, 'No uses aceite para dar sabor a tus comidas, en lugar de eso prefiere agregar un poco de ajo, cebolla, pimienta, yerbas de olor, apio, pimiento o algún otro condimento.'),
(300, 26, 'Prefiere tus bisteces de pollo, res o puerco asados en lugar de fritos.'),
(301, 26, 'No frías las verduras con mantequilla, le darás un toque poco sano a un alimento sano y delicioso por sí solo. Mejor cocínalas a vapor sin dejar que se ablanden demasiado, para que conserven el sabor y estén crujientes, eso te ayudará a hacerlas más apetecibles. '),
(302, 27, 'Procura consumir pescado tres a cuatro veces a la semana. Si no puedes conseguir pescado fresco el atún y la sardina son una buena opción, aunque recuerda que sin aceite es lo mejor.'),
(303, 27, 'En lugar de una pieza de carne con algo de verduras para la comida prefiere una buena ensalada con unos pequeños trozos de pollo o queso panela.'),
(304, 27, 'Fríe verduras y agrégales un poco de carne, pero que sea menos de la mitad de la ración  con respecto de las verduras.'),
(305, 27, 'Puedes sustituir la porción de carne de tu cena con unas cuantas nueces, aceitunas o cacahuates. Aunque también procura utilizarlos con moderación.'),
(306, 27, 'No olvides la fibra en tus alimentos. La ingesta diaria de ella te ayudará a disminuir los niveles de colesterol en sangre. Pero recuerda que si consumes fibra también debes beber agua.'),
(307, 27, 'Limita el consumo de dulces a 75 calorías al día. Si te apetece alguna golosina sustitúyela con una fruta.'),
(308, 27, 'Combina un poco de carne molida con algo de soya, así estarás consumiendo proteína de buena calidad sin tanta grasa animal.'),
(309, 28, 'Cuando vayas al súper por las compras hazlo después de haber comido. Si tienes apetito cuando estás comprando alimentos es más fácil que caigas en la tentación de comprar “chatarra”.'),
(310, 28, 'Piensa en opciones saludables para los antojos de fin de semana o de las tardes. Tal vez fruta picada o verdura fresca con limón.'),
(311, 28, 'Si tienes antojo de una fritura busca la opción con menor contenido de sodio y grasa.'),
(312, 28, 'Prepara tus propias botanas en casa. Por ejemplo, podrías preparar palomitas de maíz en la estufa, con maíz natural en lugar de comprar las bolsas de microondas que contienen mucha grasa y mucho sodio.'),
(313, 28, 'No compres alimentos ricos en grasas, harinas o azúcares que puedan ser una tentación permanente en tu alacena; en lugar de ello llena el refrigerador de verduras frescas y frutas que puedas consumir fácilmente.'),
(314, 28, 'Prepara tus propios postres con sustituto de azúcar y con frutas naturales en lugar de comprar pastelillos o galletas industrializadas.'),
(315, 28, 'Piensa positivo, trabaja en que tu cambio de alimentación será gradual y no de golpe. No te autocastigues si no lo logras hoy, inténtalo de nuevo mañana. Y no desistas si es que fallaste un día. Convéncete de que lo lograrás.'),
(316, 28, 'Aléjate de las máquinas de comida chatarra en tu trabajo. Si sabes que tendrás apetito a determinada hora mejor lleva contigo una colación saludable fácil de llevar, como una manzana o una pera.'),
(317, 29, 'Define, junto con tu familia, qué “antojo” se permitirán esa semana (tal vez el fin de semana) y disfrútenlo en familia con la condicionante de que el resto de los días comerán de manera saludable.'),
(318, 29, 'Si por alguna reunión de trabajo debes salir a comer a un restaurante busca en el menú las opciones más saludables o bajas en calorías. Una ensalada es la mejor opción.'),
(319, 29, 'Piensa en tu hidratación como parte de tus hábitos saludables. Bebe un poco de agua aunque no sientas sed, así evitarás deshidratarte y tener “deseos” de una bebida dulce en algún momento del día.'),
(320, 29, 'Pon un plato de fruta de varios colores, de tal forma que tengas a la mano una opción vistosa y saludable a la mano.'),
(321, 29, 'Usa aderezos con bajo o nulo contenido graso en tus ensaladas y sándwiches.'),
(322, 29, 'Haz una lista de los beneficios de consumir comida saludable y de las desventajas de no hacerlo. Tenla frente a tu escritorio en el trabajo y en la cocina, de tal forma que cuando desees comer alguna botana te recuerdes lo importante que es cuidarte.'),
(323, 29, 'Mide el perímetro de tu cintura y tu índice de masa corporal (IMC) y regístralo semana a semana. Cuando tengas antojo de comer una “botana” recuerda tu meta de peso, IMC y perímetro de cintura para que te motives a intercambiarlo por una opción más sana.'),
(324, 29, 'Prueba frutas y verduras que jamás hayas comido, tal vez encuentres que serán una buena opción para sustituir la comida “chatarra”.'),
(325, 30, 'Haz una tarjeta de “botanas” en la que registres cada vez que tengas un antojo. Ahí anotarás cuántas calorías consumirás si cumples tu antojo y cuántas gastarás si en lugar de ello haces algo de actividad física.'),
(326, 30, 'Crea un “calendario” de comida semanal el fin de semana y pégalo en tu refrigerador. Considera en él opciones saludables de colación, para que las tengas listas y no te dé tiempo de pensar en consumir “chatarra”. '),
(327, 30, 'Crea tu propio recetario de botanas saludables, en el que incluyas tips y recetas. Comienza a armarlo y al final de dos meses engargólalo o empástalo. Podría ser una opción de regalo para tus familiares y amigos.'),
(328, 30, 'Concentra tus pensamientos en actividades saludables. Cuando te mueves más y comienzas a sentirte más ligero difícilmente se te antojará algo lleno de grasa y sal.'),
(329, 30, 'Si un día te gana la tentación de comer algo poco saludable compénsalo con una caminata extra de 20 a 30 minutos.'),
(330, 30, 'Prémiate cuando hayas logrado una o dos semanas sin consumir alimentos “chatarra”. Tal vez comprarte un buen libro o un par de tenis ayude a motivarte.'),
(331, 31, 'Pedir apoyo de los demás no es signo de debilidad. Si necesitas ayuda, pídela.'),
(332, 31, 'Revisa tus objetivos de manera periódica y asegúrate de que todavía sean realistas.'),
(333, 31, 'No te preocupes por anotar el número exacto de las raciones durante las primeras semanas.'),
(334, 31, 'Mantén fuera de tu vista los alimentos poco saludables que comes cuando te sientes estresado.'),
(335, 31, 'En lugar de pensar en lo que no puedes comer, concéntrate en lo que sí puedes consumir.'),
(336, 31, 'No dejes que las personas que te apoyan te distraigan de tus objetivos.'),
(337, 31, 'Tu objetivo principal es elegir alimentos que promuevan la buena salud, en lugar de aquellos que no lo hacen.'),
(338, 31, 'Intenta escuchar música mientras te ejercitas.'),
(339, 32, 'Anota todos los beneficios de perder peso. Da prioridad a tus tres razones principales. '),
(340, 32, 'Analiza lo que puedes hacer hoy para que tu programa funcione.'),
(341, 32, 'Escribe tu lista de compras una semana antes de ir al súper.'),
(342, 32, 'Busca maneras que hagan de tu receta favorita más nutritiva.'),
(343, 32, 'Piensa en las habilidades y talentos que tienes y siéntete orgulloso(a) de éstos.'),
(344, 32, 'En lugar de darte por vencido respecto a tus objetivos, comienza de nuevo al día siguiente.'),
(345, 32, 'Intenta rodearte de personas con tus mismos objetivos y que te brinden apoyo.'),
(346, 32, 'Cada vez que alcances un objetivo, establece uno nuevo y más difícil.'),
(347, 33, 'Las nuevas conductas saludables toman tiempo para convertirse en hábitos. Cada paso de cada día es importante.'),
(348, 33, 'Recompénsate con algo que te interese cada vez que alcances un objetivo.'),
(349, 33, 'Escribe una lista de conductas poco saludables y piensa en maneras de cambiarlas.'),
(350, 33, 'Mantén una actitud positiva cuando realices ejercicio.'),
(351, 33, 'Si un día no logras tu objetivo raciones de frutas y verduras, inclúyelas para otro día.'),
(352, 33, 'Evalúa tu capacidad para crear menús. Elije alimentos con pocas calorías.'),
(353, 33, 'Intenta hacer tres comidas durante el día, incluido un buen desayuno.'),
(354, 33, 'Crea una lista rápida de calorías y nutrimentos de los alimentos principales, para que sepas cuáles serán tus mejores decisiones.'),
(355, 34, 'Comienza el día comiendo un cereal rico en fibra.'),
(356, 34, 'Cambia al pan que contenga como ingrediente principal un grano integral.'),
(357, 34, 'Come zanahorias miniatura como bocadillos.'),
(358, 34, 'Consume más frijoles, chícharos y lentejas.'),
(359, 34, 'Come fruta en todas tus comidas.'),
(360, 34, 'Sustituye la harina de trigo por harina de trigo integral cuando hagas pan.'),
(361, 34, 'En el desayuno prueba un pan tostado en lugar de pan blanco.'),
(362, 34, 'Prepara panques, panes y hoy cakes con harina integral.'),
(363, 35, 'Elige los cereales que incluyan en sus ingredientes las palabras “salvado” o “fibra”.'),
(364, 35, 'Come más granos enteros o sus productos.'),
(365, 35, 'Aprovecha las verduras listas para usarse que venden en los supermercados o tianguis.'),
(366, 35, 'Las frutas frescas o secas, las palomitas de maíz y las galletas de granos enteros son buenas fuentes de fibra.'),
(367, 35, 'En los panes que la requieran, utiliza un poco más de levadura de lo normal o deja que la masa repose más tiempo.'),
(368, 35, 'Abastece tu despensa con panes, galletas y pastas de granos enteros.'),
(369, 35, 'Acompaña tus comidas con un postre que tenga como ingrediente principal fibra.'),
(370, 35, 'Los productos que digan 100% de trigo o multigrano no significa que contenga granos enteros, mejor revisa bien la etiqueta.'),
(371, 36, 'Agrega unas cuantas cucharadas de salvado de trigo sin procesar a tu cereal favorito.'),
(372, 36, 'Experimenta con arroz y cebada integrales y con pasta de trigo entero.'),
(373, 36, 'Prepara nachos con pasta de frijoles negros, salsa y totopos.'),
(374, 36, 'Cuando uses polvo de hornear, aumenta la cantidad en una cucharadita por cada tres tazas de harina de trigo entero.'),
(375, 36, 'Aumenta tu consumo de fibra de manera gradual y bebe suficiente agua para promover tu buen funcionamiento intestinal. Si consumes fibra pero no agua tendrás molestias intestinales.'),
(376, 36, 'Prueba añadir arroz integral o cebada integral a sopas o guisados.'),
(377, 36, 'Prepara lasaña de espinaca con pasta de trigo entero.'),
(378, 36, 'Con el paso del tiempo los productos de granos enteros podrán gustarte y dejar a un lado los refinados.'),
(379, 37, 'Compara alimentos y elige los que tienen menos grasa.'),
(380, 37, 'Fíjate en las etiquetas de los productos y elige las que no tengan grasas saturadas y trans.'),
(381, 37, 'Selecciona aderezos con bajo contenido en calorías y grasa.'),
(382, 37, 'Cocina los alimentos si usar aceite ni mantequilla.'),
(383, 37, 'Añade verdura picada a la carne de res magra y usa menos de ésta.'),
(384, 37, 'Cuando comas huevo, quítale la yema.'),
(385, 37, 'Si compras embutidos de pavo, elije los que dicen “pechuga de pavo molida”.'),
(386, 37, 'Sustituye la carne roja con pescado horneado o a la parrilla.'),
(387, 38, 'Usa vinagre balsámico, limón, mostaza o aceite de oliva en las ensaladas.'),
(388, 38, 'Asegúrate de que los productos bajos en grasa también tengan pocas calorías.');
INSERT INTO `tip` (`tipid`, `tipactivityid`, `tipdescription`) VALUES
(389, 38, 'Espolvorea las ensaladas con una cucharada de hojuelas de nuez o semillas de girasol.'),
(390, 38, 'Usa caldo con bajo contenido en sal, o simplemente agua, para guisar en lugar de aceite.'),
(391, 38, 'Come proteínas de origen vegetal, más que de fuentes animales.'),
(392, 38, 'Utiliza hierbas en lugar de sal.'),
(393, 38, 'Elige productos lácteos ligth en lugar de lácteos enteros.'),
(394, 38, 'En lugar de un gran pedazo de carne de mediana calidad, come un pequeño pedazo de un corte de buena calidad.'),
(395, 38, 'Consume pescado dos veces a la semana.'),
(396, 39, 'Selecciona alimentos con grasas poliinsaturadas y monoinsaturadas.'),
(397, 39, 'Come cantidades pequeñas de carne, del tamaño de una baraja.'),
(398, 39, 'Revisa la alacena de tu cocina y separa los alimentos que contienen grasas buenas y malas; deshazte de las últimas.'),
(399, 39, 'La combinación de cambios en la dieta y ejercicio te permitirá perder peso, lo cual ayudará a mejorar los niveles de colesterol.'),
(400, 39, 'No conviertas a la carne en el centro de tus comidas.'),
(401, 39, 'Incluye más comidas sin carne en tu dieta, como ensaladas.'),
(402, 39, 'Prueba hamburguesas o hot dogs vegetarianos que están hechos principalmente de granos y verduras.'),
(403, 40, 'En lugar de beber un refresco de cola prepárate una deliciosa agua de limón y llévala al trabajo.'),
(404, 40, 'Elige una dieta rica en alimentos con base vegetal y frutas. Cinco o más raciones diarias.'),
(405, 40, 'En el desayuno prefiere un jugo de naranja natural en lugar de uno industrializado.'),
(406, 40, 'Carga una botella con agua natural a donde quiera que vayas.'),
(407, 40, 'Si vas a una reunión en donde solo ofrecerán refrescos y bebidas llenas de azúcar puedes llevar tu propia bebida en una botella.'),
(408, 40, 'En lo que se refiere a las comidas de las fiestas, disfruta tus bebidas favoritas pero ten en mente el tamaño de tus raciones.'),
(409, 40, 'Si hace apenas unas horas que comiste y tu estómago no hace ruido. Tómate unos minutos para que pase el antojo.'),
(410, 40, 'Date un premio de vez en cuando y planea con anticipación satisfacer un antojo.'),
(411, 41, '¿Sabías que los alimentos menos procesados tienen menos ingredientes?'),
(412, 41, 'Elige granos y azúcares enteros en lugar de refinados.'),
(413, 41, 'Cuece la carne roja a 72ºC y las piezas de aves a 77ºC (el ave entera a 83ºC).'),
(414, 41, 'Refrigera o congela las sobras en recipientes pequeños y poco profundos a las dos horas de haberlos servido.'),
(415, 41, 'Un bocadillo rápido podría incluir yogur desgrasado, galletas saladas o jugo de fruta.'),
(416, 41, 'Si comerás verduras enlatadas enjuágalas antes de servirlas.'),
(417, 41, 'Usa platos más pequeños y llena la mitad de ellos con alimentos con bajo contenido en calorías.'),
(418, 41, 'Si sientes la urgencia de comer entre comidas, elige fruta fresca o palomitas de maíz sin mantequilla.'),
(419, 42, 'Mantén a la mano una variedad de opciones simples que requieran 20 minutos o menos para su preparación.'),
(420, 42, 'Mantén la carne, los huevos y los mariscos crudos separados de los alimentos listos para comerse.'),
(421, 42, 'Mantén el refrigerador por debajo de los 4ºC, y el congelador por debajo de los -18ºC.'),
(422, 42, 'Tres a cuatro horas antes del ejercicio, alimenta a tus músculos con carbohidratos fáciles de digerir, una pequeña cantidad de proteína y suficientes líquidos.'),
(423, 42, 'Come un bocadillo que incluya alimentos con carbohidratos y proteína para recuperar tu energía y reparar tus músculos.'),
(424, 42, 'Si saldrás a comer el fin de semana con tu familia, elige lugares de ensaladas, en lugar del lugar de las hamburguesas.'),
(425, 42, 'Si tienes que ir a una reunión de trabajo en un restaurante pide la opción más sana del menú en lugar de la “más atractiva”.'),
(426, 42, 'Si te ganó la tentación de comer en un lugar de “comida chatarra” reponte con una caminata extra y decídete por un postre saludable, como una fruta.'),
(427, 43, 'No centres tu atención en la comida. Retírate de la mesa de buffet, y enfoca tu atención en la conversación.'),
(428, 43, 'Considera sembrar tus propias frutas y verduras.'),
(429, 43, 'Hacer algo agradable por alguien más refuerza tu autoestima.'),
(430, 43, 'Si no tienes tiempo pasa a la tienda y compra un sándwich saludable.'),
(431, 44, 'Visita los sitios en línea de los restaurantes para ver los menús y así te decides por la opción más saludable antes de llegar.'),
(432, 44, 'Para reducir tu consumo de bocadillos en el cine, intenta comer algo saludable antes de salir de casa.'),
(433, 44, 'Puedes comer la mayoría de cosas con moderación. Incluso comer postre de vez en vez.'),
(434, 44, 'Escribe una lista de las personas que admiras y fíjate si tienen cuerpos perfectos.'),
(435, 44, 'Evita las entradas comunes, las cuales con frecuencia no son los platillos más sanos.'),
(436, 45, 'Si sabes que comerás fuera de casa, intenta aumentar la cantidad de ejercicio que realices ese día.'),
(437, 45, 'Bebe agua o una bebida libre de calorías mientras estás en el cine.'),
(438, 45, 'Vístete con prendas que te hagan sentir bien a  ti mismo.'),
(439, 45, 'Siempre podrás adaptar las estrategias que probaste para enfrentar nuevas circunstancias.'),
(440, 45, 'Pide sopas hechas a base de caldillo de jitomate.'),
(441, 45, 'Si el fin de semana quieres hacer algo “diferente” para convivir con tu familia no decidan salir a comer chatarra, mejor vayan al parque a jugar fútbol o a dar una caminata.'),
(442, 45, 'Cuando necesites salir a tomar aire no vayas a la panadería por un pan dulce lleno de calorías, mejor saca a pasear al perro o simplemente camina alrededor de la cuadra (lleva una botella de agua contigo).'),
(443, 45, 'Si el fin de semana quieres hacer algo “diferente” para convivir con tu familia no decidan salir a comer chatarra, mejor vayan al parque a jugar fútbol o a dar una caminata.'),
(444, 45, 'Cuando necesites salir a tomar aire no vayas a la panadería por un pan dulce lleno de calorías, mejor saca a pasear al perro o simplemente camina alrededor de la cuadra (lleva una botella de agua contigo).'),
(445, 45, 'Si tienes comedor en tu trabajo lleva tus propios alimentos en lugar de salir a comer una torta o unos tacos.');

-- --------------------------------------------------------

--
-- Table structure for table `users`
--

CREATE TABLE IF NOT EXISTS `users` (
  `userid` int(11) NOT NULL AUTO_INCREMENT,
  `useremail` varchar(256) NOT NULL,
  `userpassword` varchar(64) NOT NULL,
  `uservenuecode` varchar(16) NOT NULL,
  `usertoken` varchar(12) NOT NULL,
  `userregdate` int(11) NOT NULL,
  `userlastlogin` int(11) NOT NULL,
  `userlastorigin` varchar(128) NOT NULL,
  `useroriginplatform` varchar(128) NOT NULL,
  `usersurveygrade` int(11) NOT NULL DEFAULT '0',
  `usernotifications` int(11) NOT NULL DEFAULT '0',
  `type_register` int(11) NOT NULL,
  PRIMARY KEY (`userid`)
) ENGINE=MyISAM  DEFAULT CHARSET=utf8 AUTO_INCREMENT=138 ;

--
-- Dumping data for table `users`
--

INSERT INTO `users` (`userid`, `useremail`, `userpassword`, `uservenuecode`, `usertoken`, `userregdate`, `userlastlogin`, `userlastorigin`, `useroriginplatform`, `usersurveygrade`, `usernotifications`, `type_register`) VALUES
(71, 'josemanuel@blend.mxD', '5233b0442bf65cd185d7084801878fba', '', '69f925f00845', 1371707529, 1371707529, '03d0be9f39a205232e57b13740eeed9da4845816a76eee45fdda483b1c779392', 'iPad', 1, 1, 0),
(74, 'macnuel@blend.mxD', '5233b0442bf65cd185d7084801878fba', '', '72d06c7437dd', 1371743741, 1371768741, ' ', 'iPhone', 1, 1, 0),
(75, 'yaldaco@intersistemas.com.mx', '65a326caee9f48c7439520cf5016f899', '', '3f3059763c9f', 1371758513, 1371758513, '3b12401d6215ca6e072a8dd938fd8683a0200979f04d7b8270bfdcb9f7e1dd38', 'iPad', 0, 1, 0),
(111, 'lillianr34@hotmail.com', 'a7cabe5d6dd680177a671b7966199d08', '', 'c2480431da6c', 1388739417, 1388739417, '988b54e35dc54c41bb2ed751bd7cc8b3eb9836f144bcd818dec242b12e2922bb', 'iPhone', 0, 1, 1),
(81, 'macnuel@blend.mx', '5233b0442bf65cd185d7084801878fba', 'gin', '018db8a3b08d', 1371769058, 1371769058, '03d0be9f39a205232e57b13740eeed9da4845816a76eee45fdda483b1c779392', 'iPad', 1, 1, 0),
(82, 'josemanuel@blend.mx', '5233b0442bf65cd185d7084801878fba', 'gin', '619d551d50c2', 1371769257, 1371769257, ' ', 'iPhone', 1, 0, 0),
(110, 'rayo_marin@hotmail.com', '16943d154ea1d210726e8416b3205782', '', '2746cf6172a1', 1388085162, 1388085162, '681e6a80397ad829fb2028852c50501e97ee500e1015d9f021a44bf90770f8f5', 'iPhone', 2, 1, 1),
(85, 'yaldaco@intersistemas.com', '65a326caee9f48c7439520cf5016f899', '', '2f95a7ac56ba', 1372257292, 1372257292, '6ef9801ab7961296fcb27125afe221bba5bfe6168f4451c49b538546ccafbc0e', 'iPad', 0, 1, 0),
(109, 'nomo04@hotmail.com', '84b5193331a7a8ee727179f54b9efb3a', '', '8823d6dc69c0', 1387834326, 1387834326, 'd1dc145fe3fb3d627288803ea77ad37e100622ccc0ae3b9a7f5f6a7ab3a8581b', 'iPhone', 3, 1, 1),
(87, 'luvena59@hotmail.com', 'a6690f0464498873f402267c96919e54', '', '7edca7eabe46', 1374010725, 1374010725, 'b2d61de5e58590c57ecbee48c0d8dfc7d9421f1953db0461f7e52a74368a24ee', 'iPad', 3, 1, 0),
(88, 'hj_kanu@hotmail.com', 'f884c464f1ac0f6998691ff3a620f168', '', '7bd3802023da', 1374459832, 1374459832, ' ', 'iPhone', 3, 0, 0),
(91, 'ejemplo@intersistemas.com', '113042f8dd8cb9cdbc81b751286ccb8d', '', 'da361c4c104b', 1377883006, 1377883006, '03d0be9f39a205232e57b13740eeed9da4845816a76eee45fdda483b1c779392', 'iPad', 2, 1, 0),
(108, 'cmacias@legionaries.org', 'cecbc1f166d399d7a180ca85311b8d3c', '', '474547f44acb', 1386560535, 1386560535, '1b0ecd7abfef2baba753bb29e9821cac0427ea0c6cee31bb1a770ecf1bc773f2', 'iPhone', 3, 1, 1),
(98, 'ramza@blend.mx', '1a4d9c4f218aef16192eea628efbc218', '', 'da7ce4439c7e', 1382111545, 1382111545, 'b005a0c9fde074afcbfb502899e5a0e2b50cfbff09da17158f0c1374e6903697', 'iPad', 0, 1, 1),
(104, 'flyflyerson2@gmail.com', '254c73a4ee5c1bb0d0be0c8b72e0e174', '', 'acd7499e2d71', 1384554191, 1384554191, 'facdb7d34b120058f4fc0b4fa4d2de837f85179474a62ffa45886cbc0717fbe2', 'iPad', 0, 1, 1),
(100, 'apple@me.com', '3d6380fb8187ff0072ea37935a473c3e', 'gin', '4f9e23420ed8', 1383344978, 1383866367, ' ', 'iPhone Simulator', 2, 1, 0),
(107, 'edgar@blend.mx', '9b02a933d4c35824cbcbc50482f39365', 'blendcode', '3029cef72830', 1384975032, 1384975032, '902f306570aa17cb83b1a809ae722326f498a4f5a02b3584dc4a2941c7a60a56', 'iPhone', 2, 1, 0),
(106, 'joaquin.valdesvanhaaften@gmail.com', '8f70ec186c51dc240a0d4e525a62960b', '', 'f1c41aa0073a', 1384813706, 1384813706, '9193c6aea99f3f79f60296cdce4af2e9681c0bee3b3b3718841a17558bf49fd5', 'iPhone', 0, 1, 1),
(105, 'nerea147@hotmail.com', '0ef322c68b20f7014b24e5931595c14a', 'bienestar', 'ab6cf281e292', 1384641137, 1384641137, 'e5aebe2b4798d1fe38580c43c76e2419327f7b5b2f900617299163fb39d84c67', 'iPod touch', 2, 1, 0),
(112, 'ygam_cygam@hotmail.com', 'bd256f8adf1a9c330ba4759e3c534b49', '', '33c7fd42ee87', 1389163710, 1389163710, ' ', 'iPhone', 3, 0, 1),
(113, 'imaginsar@hotmail.com', '057ca55a18e0ba0fb6c0f35a1a1bedc7', '', 'eee68538de4d', 1392675801, 1392675801, 'ec54bfa3745119880533e292943ddeed8ca2e845005a9e66429fefa680aada31', 'iPhone', 1, 1, 1),
(114, 'eniogutierrez22@hotmail.com', 'fe91132f8908a2e29576bee8d6f3f9cf', '', '60111ac2c84c', 1393201169, 1393201169, '89be9ba72c33cc9ee8a4cc51ed88ddd6e3edab81546bb8a65684e685faf627a0', 'iPhone', 3, 1, 1),
(115, 'afavelav@prodigy.net.mx', 'e1ca6d77a3f53840bd4dee4cb0b120fe', '', '620a78ced3bf', 1393373541, 1393373541, '9e3ae83bf8321de101e4806661b6610d939b6c566c685ed1695db5e727857626', 'iPhone', 2, 1, 1),
(116, 'cr_mv_92@hotmail.com', 'eec28aac93a9ca76969f5a9826e28280', '', '1989e9f076d3', 1393391348, 1393391348, '6aff703f5d6797b68005c1d7dcdb93a433bca98e4a4a41f4b24cf145e9180570', 'iPhone', 0, 1, 1),
(117, 'ramon_vercher@telefonica.net', '7abe4f909a3752725c9bb552ebf3acf1', '', '9f44e80cbb79', 1393700786, 1393700786, ' ', 'iPhone', 3, 0, 1),
(118, 'cp.gabriela_arrieta@hotmail.com', 'a17f37639237ae76f7b7e21adaec0859', '', '163cd4e36c27', 1395101459, 1395101459, ' ', 'iPhone', 3, 0, 1),
(119, 'lissethcano@hotmail.com', '836f5562106858bd09e6429ab2d4c3ed', '', '2e4709cbfeaf', 1395348521, 1395348521, 'e7a402803764f6d0161819155e025134a95b200c4f9578a85ab3e7f27fb547c4', 'iPhone', 1, 1, 1),
(120, '2013sabrina@gmail.com', '48d3cd3da5bb6b52a9a294b687e65527', '', 'e50312f30654', 1395805708, 1395805708, 'b53d50ad6e2c218a1810c46a8089e48c6b3413bb3ae892eee2f117263fbd4fd2', 'iPhone', 0, 1, 1),
(121, 'vcervantes@intersistemas.com.mx', '47eb44088ca70568b5b4a449fff4a10b', 'pasaporte', 'ef469316f94e', 1396659883, 1396659883, 'c79218c8a2fd5ce6b7fce94f8d69f95fe83507ec7fab2527bc659239d3a622e5', 'iPhone', 3, 1, 0),
(122, '2003sabrina@gmail.com', '0ff5bbaa46951bcef8bccda197248ee6', 'pasaporte', 'a1e843d7c992', 1396666406, 1396666406, 'ba8fb2b5f102a442782448bec63ee7ee066eabff99677f99cb3b7d5023c9de88', 'iPhone', 0, 1, 0),
(123, 'rcarselle@hotmail.com', 'c0ffaf387887ebf87a80c462e3f10af2', 'pasaporte', 'aa8cd153a4db', 1396666596, 1396666596, '1d9390bbdba0b3d0692898d60be702ab8bff31c2f0ff347e6f3296416637b0d7', 'iPhone', 2, 1, 0),
(124, 'cfcocr@gmail.com', 'e5c4dbf328e26e5cc1e777debf097852', 'pasaporte', 'dd641a2106c2', 1396668070, 1396668070, 'a02223b2ec25f5cb2451b91fc05640d50945da17b525f803c1e1c5c36c878f4e', 'iPhone', 3, 1, 0),
(125, 'hsanchez@intersistemas.com.mx', 'f884c464f1ac0f6998691ff3a620f168', 'pasaporte', 'ff9bbb7c386d', 1396880167, 1396880167, '93f4c3a9f2bf7e9d5d58f8b55e09b156f3b7776cb216fa24ec360eb4ee852cb7', 'iPhone', 2, 1, 0),
(126, 'macnurl@blend.mx', '3d6380fb8187ff0072ea37935a473c3e', 'blendcode', '033c04eb6b47', 1396905245, 1396905245, '60866c0e3a1c9fa8e6b84c328803a00b3b2518c989ea1cc6fe3212cf940a3768', 'iPhone', 1, 1, 0),
(127, 'hola@blend.mx', '3d6380fb8187ff0072ea37935a473c3e', 'blendcode', 'f666c180b7fc', 1396979930, 1396979930, '6abf38882940cd36645493a9254a8733e09341df610098d5c479f462724f683e', 'iPad', 2, 1, 0),
(128, 'test@blend.mx', '1405618f610501899b0e9b749c34f218', 'blendcode', 'ccdfbad4bb0a', 1396980231, 1396980231, '60866c0e3a1c9fa8e6b84c328803a00b3b2518c989ea1cc6fe3212cf940a3768', 'iPhone', 3, 1, 0),
(129, 'pp1092@hotmail.com', '558df38f4385036c11fefceef8b7cd31', 'pasaporte', 'da59ee1d9e54', 1397150830, 1397150830, 'b194808eb49a01f98439fccef047286f929c555ac352dea41ea75c4872916155', 'iPhone', 3, 1, 0),
(130, 'mg@aziza-zina.ch', '8872750f525acff1f4d19a6138756a01', '', 'cb0233b33f9e', 1397896140, 1397896140, ' ', 'iPhone', 1, 0, 1),
(131, 'hunk@me.com', '3d6380fb8187ff0072ea37935a473c3e', '', '80b2744eecd3', 1398183657, 1398194169, ' ', 'iPhone Simulator', 2, 0, 1),
(132, 'jaime@blend.mx', '0185ad3fba091d7de71975defe30b35f', 'blendcode', '50ad0a7e3c59', 1398362467, 1398362467, '44340b0c86683836c84f5b1e7e1a1319c2b88500f31c27158b58c9e006047431', 'iPhone', 2, 1, 0),
(133, 'prueba@intersistemas.com', '3d6380fb8187ff0072ea37935a473c3e', 'vidasaludable', '15fd6f8dc7ec', 1399572005, 1399572005, '60866c0e3a1c9fa8e6b84c328803a00b3b2518c989ea1cc6fe3212cf940a3768', 'iPhone', 0, 1, 0),
(134, 'fejurova@gmail.com', 'c0341da0d03eec270f8ad82a7f2cdb81', '', '3362220069d2', 1400610339, 1400610339, '9af919646d076883ebdff219ccf26a17cd0b8ff21fed7bb6945d17e6f05d4488', 'iPhone', 2, 1, 1),
(135, 'elsacampos@me.com', '3bfa09da4c8021b6c14f5edd2b0f0ca4', '', 'f9fb361f090a', 1401217427, 1401217427, '86a918f808290eb53f132c1391585ab47413113716550e136835db2ced018d96', 'iPhone', 2, 1, 1),
(136, 'jimena.rodriguezcalva@gmail.com', '9162b5e2d88ff992cc340dadc746d701', 'pasaporte', 'af0058700de8', 1401412400, 1401412400, ' ', 'iPhone', 1, 0, 0),
(137, 'r9software@gmail.com', 'a2680ebb1c8c2efad30b6d3eaf72da45', '', '28e4a382a282', 1401726174, 1401726174, ' ', 'iPhone Simulator', 3, 0, 1);

-- --------------------------------------------------------

--
-- Table structure for table `venues`
--

CREATE TABLE IF NOT EXISTS `venues` (
  `venuecode` varchar(128) NOT NULL,
  `venuename` varchar(256) NOT NULL
) ENGINE=MyISAM DEFAULT CHARSET=utf8;

--
-- Dumping data for table `venues`
--

INSERT INTO `venues` (`venuecode`, `venuename`) VALUES
('saludmichelin', 'Michelin'),
('scotiabanker', 'Scotiabank'),
('vidaenequilibrio', 'Infonavit'),
('vivehsbc', 'HSBC'),
('bienestaradecco', 'Adecco'),
('pasaporte', 'Pfizer'),
('cuidatusalud', 'Mapfre'),
('santandererestu', 'Santander'),
('trinity', 'Trinity'),
('basf123', 'BASF'),
('saludablementedicipa', 'Dicipa'),
('Baxter', 'Baxter'),
('Posadas', 'posadas'),
('daimler', 'Daimler'),
('misalud', 'Unilever'),
('grupotmm', 'TMM'),
('bienestar', 'RSA'),
('saludmetlife', 'MetLife'),
('dhlsalud', 'DHL Express'),
('bewell', 'Shell'),
('saludiberdrola', 'Iberdrola'),
('bienestarcinepolis', 'Cinépolis'),
('dhlsalud', 'DHL Supply Chan'),
('bienestar-televisa', 'Televisa'),
('life', 'MetLife RH'),
('bienestarliverpool', 'Liverpool'),
('jabil', 'Jabil'),
('intevahealthy', 'Inteva'),
('gin', 'GIN'),
('blendcode', 'blendcode'),
('equilibrium', 'SANTADER'),
('vidasaludable', 'vidasaludable'),
('bienestartrinity', 'TRINITY');
